partita_iva;ragione_sociale;tutor_referente_azienda;sede_comune;sede_provincia;telefono;email;settore
03553510136;2M GIARDINI DI MANOLO MILAN;;MARIANO COMENSE;CO;334 2315515;2mgiardini.mb@gmail.com;
00716270152;43 STATION HOTEL SRL;;MILANO;MI;0222179900;DIREZIONE@43STATIONHOTEL.COM;Alberghi e ristoranti
08530180960;A.S.D. CENTRO IPPICO SULBIATESE;;SULBIATE;MB;039 623884 ;da.mattavelli@gmail.com;
00809200967;A.S.D. GINNASTICA ARTISTICA LISSONESE;;LISSONE;MB;3482884937;ginnasticagal@gmail.com;
08312370961;A.S.D. SPERANZA AGRATE;;AGRATE BRIANZA;MB;039651772;speranzaagrate@libero.it;Sport
12319130154;A.S.L. DI MILANO;;Milano;MI;;;
05925540964;AB&COM;;MONZA;MB;039/2329665;elisa.pizzo@ab-com.biz;
02175660964;ABACO SAS DI ROLANDO NOVA &C.;;VEDANO AL LAMBRO;MB;039 492902 - 039 492934;nova@studioabaco.net;Servizi avanzati alle imprese
10224940964;AC  ART CASA;;ARCORE;MB;0396015155;info@acartcasa.it;
01073200154;AC MILAN SPA;;MILANO;MI;02 62285661;;Altre attività imprenditoriali
9606700962;ACNET SOLUTIONS - STUDIO COMMERCIALISTI ASSOCIATI;;MONZA;MB;0398963624;studio@acnetsolutions.com;
It05847860151;ACS DOBFAR SPA;;TRIBIANO;MI;039 68451;claudia.fontanini@acsdobfar.it;Prodotti chimici/fibre sintetiche e artificiali
07063880962;ACSM-AGAM RETI GAS ACQUA SPA;;MONZA;MB;039.23851;cesare.sala@reti.acsm-agam.it;Energia elettrica/gas/acqua
13362510151;ADECCO ITALIA HOLDING S.P.A.;;MILANO;MI;3452556814;maristella.sanguedolce@adecco.it;Agenzia del lavoro
02399480967;AERIS COOPERATIVA SOCIALE;;VIMERCATE;MB;;chiaramotta@coopaeris.it;Altri servizi pubblici, sociali e personali
4010790964;AFI SNC DI RISERI D. & C.;;MONZA;MB;392265598; afisnc@libero.it;
02729030961;AGENZIA GENERALE INA ASSITALIA MONZA B.B.R ASS.NI SRL;;MONZA;MB;039-2393226;roberta.ranghetti@agmonza.gruppoina.it;Servizi avanzati alle imprese
07669930963;AGENZIA VIAGGI FERMATA 36;;MONZA;MB;039-2326353;info@fermata36.it;Turismo
00887130961;AGRI BRIANZA GARDEN STORE SRL;;CONCOREZZO;MB;039 6116846;PERSONALE@AGRIBRIANZA.IT;Agricoltura/silvicoltura
09762290964;AGROGARDEN DI LUCIA MARCO;;MONZA;MB;3332447464;agrogardenmonza@gmail.com;
02743430965;AIRWORK PNEUMATIC EQUIPMENT SRL;;CESANO MADERNO;MB;0362645955;l.guerra@airwork.it;Produzione macchine/apparecchi meccanici
02786890968;ALBERTO DELL’ORTO S.A.S.;;MONZA;MB;039387375;alberto_dellorto@libero.it;
00214310120;ALER;;MONZA;MB;039.2171;uogmonzabrianza@alervarese.com;Altri servizi pubblici, sociali e personali
02800970960;ALESTE SRL;;MONZA;MB;039 6885059;cornate@viagginelrisparmio.com;Servizi avanzati alle imprese
04251430965;ALEXY SAS;;MONZA;MB;0392140075;silvia.pagano@tempocasa.com;Servizi avanzati alle imprese
09606700962;ALIPRANDI COLOMBO GALANTE;;MONZA;MB;039 8963624;STUDIO@ACNETSOLUTIONS.COM;
08207850960;ALMA BIRRIFICIO SRL;;MONZA;MB;334 2564537;davide@almabirrificio.it;Industrie alimentari/bevande/tabacco
09918420150;ALTAG SRL;;CAMBIAGO;MI;0295349225;segreteria@altag.it;Contabilità
02115900967;AMBULATORIO VETERINARIO;;BURAGO DI MOLGORA;MB;0396082933;marta.bragotto@gmail.com;
0463970962;AMBULATORIO VETERINARIO DOTT.PARMA RICCARDO;;BRUGHERIO;MB;039 879352;info@clinvetmonza.it;
00790890966;AMT SRL;;Monza;MI;02-92105330;amt@amtsrl.it;Commercio
07551210961;ANCYLLA;;CONCOREZZO;MB;0399190717;info@ancylla.it;Servizi avanzati alle imprese
2709790980;ANIMATION TOURISM SERVICE;;VIMERCATE;MB;396854449;animazione@animationtourism.com;Agenzia Viaggi
03674480136;ANTONIO PENNATI SOCIETA' AGRICOLA;;MONTICELLO BRIANZA;LC;3470137491;info@antoniopennati.it;Agricoltura/silvicoltura
09265300153;APA SERVIZI SRL;;MILANO;MI;0362342186;b.minotti@apaconfartigianato.it;Servizi avanzati alle imprese
2870220965;ARCH. ADRIANO MARCO BERTOLDI;;MUGGIO';MI;39386566;adriano@studioarchitetturabertoldi.it;
It00037900966;ARCH. GIORGIO FEDERICO BRAMBILLA;;AGRATE BRIANZA;MB;39654109; giorgiofedericobrambilla@gmail.com ;
012340123450;ARCH. ILARIA MEANI;;ARCORE;MB;039-617231 ;ilaria.meani@meanire.it;
9330350969;ARCH. LUCA MARTINI;;AGRATE BRIANZA;MB;;luca@martiniassociati.com;
5146640965;ARCH. MARCO ERBA;;MUGGIO';MB;; gaia@marcoerba.com;
5566440961;ARCHILABO;;MONZA;MB;039/2027793;info@archilaboratorio.it;
01132230119;ARIANNA2002;;LA SPEZIA;SP;0187/751563;giovanni@arianna2002.it;Agenzia Viaggi
05075300961;AROSOFT S.R.L;;LISSONE;MB;;info@arosoft.it;
9354600968;ARTE CASA DESIGN SRL;;MONZA;MB;335459694;info@artecasadesign.com;
801140153;ASCO NUMATICS SIRAI SRL;;BUSSERO;MI;;sirai.web@emerson.com;
94059920150;ASD C JUMPING TEAM;;CAVENAGO DI BRIANZA;MB;334 5637133;cjumpingteam@gmail.com;
09864380960;ASD CENTRO IPPICO SANTA MARIA;;MONZA;MB;039366351;AMEDEOCAMPINI@GMAIL.COM;
09986170968;ASD ROBUR RUGINELLO 1948;;VIMERCATE;MB;+393484400615;roburruginello@libero.it;
91005820153;ASD SILVIA TREMOLADA APS;;MONZA;MI;3498328244;INFO@SILVIATREMOLADA.IT;
3553850961;ASILO NIDO SCARABOCCHIO;;BRUGHERIO;MB;;brugherio@insiemepercrescereasilinido.it;
05072190969;ASSICURAZIONI CATTOLICA LISSONE;;LISSONE;MB;039-2145327;lissonecentro@cattolica.it;Servizi avanzati alle imprese
06933690965;ASSICURAZIONI STUCCHI DI STUCCHI DAVIDE;;VIMERCATE;MB;039-6080651;davide.stucchi@assicurazionistucchi.it;
;ASSOCIAZIONE CULTURALE DELLE ALI;;VIMERCATE;MB;0392912394;distribuzione@delleali.it;Altri servizi pubblici, sociali e personali
03125550166;ASSOCIAZIONE DI VOLONTARIATO GREEN HOUSE;;USMATE VELATE;MB;3339756555;info@greenhouseanimalienatura.it;Volontariato
09357520965;ASSOCIAZIONE ITALIANA DI CHIMICA TESSILE E COLORISTICA;;VILLASANTA;MI;;segreteria@aictc.org;Chimico
56789012345;ASSOCIAZIONE LAVORO E INTEGRAZIONE ONLUS;;SESTO SAN GIOVANNI;MI;02-24124617;media@spaziomil.org;Altri servizi pubblici, sociali e personali
97160150153;ASSOCIAZIONE SALUTE DONNA ONLUS;;MILANO;MI;026470452;info@salutedonnaonlus.it;Altri servizi pubblici, sociali e personali
02626350967;ASSOCIAZIONE SPORTIVA DILETTANTISTICA RUGBY MONZA 1949;;MONZA;MB;;segreteria@rugbymonza.com;
10378240963;ASSOCIAZIONE TERRITORIALE UNSIC DI BRUGHERIO MB/16;;BRUGHERIO;MB;0392848376;cafunsicmonzabrianza@gmail.com ;
80040750152;ASSOLOMBARDA CONFINDUSTRIA MILANO MONZA E BRIANZA;;MILANO;MI;;Barbara.tiramani@assolombarda.it;Servizi avanzati alle imprese
94604860158;ATELIER PROART;;BRUGHERIO;MB;3391240185;atelierproart@yahoo.it;
00879550960;AUTOSCUOLA FRANCO SNC;;VIMERCATE;MB;039482661;autoscuolafranco@hotmail.com;
It05954070156;AUTOSPED S.R.L.;;CERRO AL LAMBRO;MI;02 61290121;stefano.pastore@autosped.com;
08422430960;AV&CO SRL - COMMONGOODS;;MILANO;MI;3357557333;antonella.vitale@commongoods.it;Servizi avanzati alle imprese
Cdrsfn69b17f205v;AVV. ASSOCIATI CADORIN MAURI SILVESTRI;;MONZA;MB;039.2303835;cadorin@associati.it;Servizi avanzati alle imprese
Trncrl77122f704i;AVV. CARLO TRANCOSSI;;MONZA;MB;039.2060652;;Servizi avanzati alle imprese
12581700155;AVV. GIOVANNA FICOCELLI;;MILANO;MI;;;
Mrcgtm79d44f704t;AVV. GRETA MARCHESI;;MONZA;MB;;;Servizi avanzati alle imprese
12011060154;AVV. PAOLO FACINELLI;;MILANO;MI;0289421834;p.facinelli@fmvavvocati.it;
09740340964;AVV. PASQUALE SCALAMBRINO;;MONZA;MB;;;Legale/Notarile
Nnzrlb73h70i690a;AVV. ROSA ALBA NUNZIATA;;MONZA;MB;039361402;INFO@STUDIOLEGALENUNZIATA.IT;Legale/Notarile
9460030969;AVV. ZANINETTI CHRISTIAN;;MONZA;MB;; christian.zaninetti@gmail.com;
07881570969;AXALTA COATING SYSTEMS ITALY SRL;;CAVENAGO DI BRIANZA;MB;02 9542 4560;ROBERTO.VERTEMATI@AXALTA.COM;Contabilità
00743500969;AZ. AGICOLA REDAELLI MASSIMO E ROBERTO;;LESMO;MB;3471482651 3356645448;aziendaredaelli@libero.it;Agricoltura/silvicoltura
03110850132;AZ. AGRICOLA "CASCINA RAMPINA" DI MAURI FABRIZIO;;MONTICELLO BRIANZA;LC;3898342936;gnam@cascinarampina.it;Agricoltura/silvicoltura
00780320131;AZ. AGRICOLA "FATTORIA LAGHETTO" DI CASATI MARCO;;MERATE;LC;3351724065   3381078057;FATTR66@fattorialaghetto.191.it;Agricoltura/silvicoltura
00946710969;AZ. AGRICOLA "LA SERRA" F.LLI RADAELLI;;Vedano al Lambro;MB;0392494266;laserra_radaelli@tiscali.it;Agricoltura/silvicoltura
02905050361;AZ. AGRICOLA ACETAIA ROSSI BARATTINI PAOLO;;MODENA;MO;335/8425571;info@balsamicodop.it;Industrie alimentari/bevande/tabacco
02124590163;AZ. AGRICOLA AGRITURISMO "FERDY" DI QUARTERONI FERDINANDO;;LENNA;BG;034582235;info@agriturismoferdy.com;Agricoltura/silvicoltura
3059710966;AZ. AGRICOLA E AGRITURISMO LA CAMILLA;;MONZA;MB;039647289;virginia@lacamilla.it;Alberghi e ristoranti
09078470961;AZ. AGRICOLA E AGRITURISMO VERDE PIÙ;;MUGGIO';MB;3383866521;cascinatalloni.nadia@gmail.com;Agricoltura/silvicoltura
05277830963;AZ. AGRICOLA FORTUNA;;VIMERCATE;MB;0396080619        3466194746;luciacima@tecnogardenservice.com;Agricoltura/silvicoltura
02432850135;AZ. AGRICOLA GAETANO BESANA;;SIRTORI;LC;39570351;;Agricoltura/silvicoltura
00903170967;AZ. AGRICOLA GILARDELLI MARIO S.S. DI MARCO E ROSSANA GILARDELLI;;AGRATE BRIANZA;MB;039.652450;az.agr.gilardelli@gmail.com;Agricoltura/silvicoltura
00989500145;AZ. AGRICOLA LONDONI FRANCESCO;;TEGLIO;SO;;londoniivo@gmail.com;
04679170151;AZ. AGRICOLA MANTEGAZZA CESARE;;CAMBIAGO;MI;3452950318;claudiamantegazza@hotmail.it;Agricoltura/silvicoltura
02640900961;AZ. AGRICOLA MAZZIERI MAURO;;CONCOREZZO;MB;0396049160;mazzierigarden@tiscali.it;Agricoltura/silvicoltura
0923043096;AZ. AGRICOLA SAN GIUDA;;MILANO;MI;375 6165737;info@fattoriasangiuda.com;Agricoltura/silvicoltura
00827630963;AZ. AGRICOLA VALANDRO;;TRIUGGIO;MB;3394471292;harlembi11@gmail.com;Agricoltura/silvicoltura
00658470968;AZ. AGRICOLA VERTEMARA;;USMATE VELATE;MB;3924340730;verte.andrea@hotmail.it;Agricoltura/silvicoltura
06058160968;AZ. AGRICOLA VILLA LICIA;;BERNAREGGIO;MB;338 8708435; info@agricolavillalicia.com;Agricoltura/silvicoltura
0226429013;AZ. AGRICOLA VITIVINICOLA "LA COSTA" DI CRIPPA CLAUDIA;;LA VALLETTA BRIANZA;LC;0395312218;info@la-costa.it;Agricoltura/silvicoltura
01528600131;AZ. AGRICOLA, AGRITURISMO FATTORIA PRATOBUSCANTE DI INVERNIZZI GIUSEPPE PAOLO;;BARZIO;LC;0341 998469;agriturismo.pratobuscante@gmail.com;Allevamento
02825910967;AZIENDA FLOROVIVAISTICA FAVARATO MARCO;;MUGGIO';MB;3355448245;;Agricoltura/silvicoltura
02734330968;AZIENDA SANITARIA LOCALE (MONZA E BRIANZA);;MONZA;MB;; info@aslmb.it;Altri servizi pubblici, sociali e personali
09317130152;AZIENDA SOCIO SANITARIA TERRITORIALE MONZA - ASST MONZA;;MONZA;MB;039-2339054;m.pina@asst-monza.it ;Sanità e altri servizi sociali
07245680967;AZIENDA SPECIALE DI FORMAZIONE "SCUOLA PAOLO BORSA";;MONZA;MB;0392315148 ;promozione@teatromanzonimonza.it;
07184960966;B & V HOLDING;;USMATE VELATE;MB;;stefano.pensa@brivioevigano.it;Trasporti e attività postali
11145000961;B2B TRAVEL SRL;;MONZA;MB;0399639748;B2BTRAVELSRL@GMAIL.COM;Agenzia Viaggi
9415290965;BABY BIRBA;;MONZA;MB;3663831881;babybirba.monza@gmail.com;
01149870543;BADIACCIA.S.A.S;;CASTIGLIONE DEL LAGO;PG;0759659097;info@badiaccia.com;
9830120961;BANJO SWING;;CORNATE D'ADDA;MB;396956910;valentina@banjoswing.it;Agenzia Viaggi
00708550967 ;BCC DI CARATE BRIANZA;;MONZA;MB;039-6188428;;Intermediazione monetaria
12564910151;BEAR SPA;;MILANO;MI;02324141;hotel.berlino@yahoo.it;Alberghi e ristoranti
01305250621;BELLINI DOTT. FIORENZO;;BESANA IN BRIANZA;MB;0362 924826;f.bellini@studiobellini-nardella.it;
95150570166;BERGAMOSCIENZA;;BERGAMO;BG;035215992;INFO@BERGAMOSCIENZA.IT;Promozione e sviluppo tecnico-scientifico
04097400966;BEST VISION ITALIA S.R.L.;;MILANO;MI;;m.magni@bestvision.it;Informatica e telecomunicazioni
02697810352;BIAGINI F.LLI SRL;;CASTELNOVO NE' MONTI;RE;;;
Clmrlb58b56a376w;BIBLIOTECA CIVICA "NANNI VALENTINI" DI  ARCORE;;Arcore (MB);MB;039-6017333;alessandra.bini@comune.arcore.mb.it;
0745520965;BIBLIOTECA DI BRUGHERIO;;BRUGHERIO;MB;;A.sangalli@comune.brugherio.mb.it;Altri servizi pubblici, sociali e personali
04497730962;BIFFI COMPUTER DI BIFFI MARCO;;CONCOREZZO;MB;0392913578;amministrazione@bifficomputer.it;Informatica e telecomunicazioni
02283630180;BIRRIFICIO RURALE SRL;;DESIO;MB;3454616684;amministrazione@birrificiorurale.it;Industrie alimentari/bevande/tabacco
2925770964;BLACK SUN VIAGGI;;MONZA;MB;392141439;info@blacksunviaggi.it;
3993950967;BLU VACANZE SPA;;MILANO;MI;;;Agenzia Viaggi
05306230656;BLUE BUXENTUM TRAVEL;;policastro bussentino;SA;09741848548;INFO@BLUEBUXENTUMTRAVEL.IT;
06311200965;BLUWATER SPA;;MILANO;MI;;ufficiopersonale@bluwaterspa.it;Tour Operator
07847150963;BONALUMI SRL UNIPERS.;;BRUGHERIO;MB;039879685;info@bonalumisrl.it;
03230850137;BORGO ANTICO SRL;;COMO;CO;031 3380150  -3484046994;info@borgoanticohotelcomo.it;Alberghi e ristoranti
Bscgnn59p48z613c;BOSCHIERO GIOVANNA;;BERNAREGGIO;MB;0396800113;giovanna.boschiero@gmail.com;
00844760157;BOUTY S.P.A.;;MILANO;MI;02 262891;bouty@bouty.it;
07785990156;BRACCO IMAGING S.P.A.;;MILANO;MI;;andrea.provini@bracco.com;Farmaceutico
02605500962;BRAMBILLA PIER GIUSEPPE;;SULBIATE;MB;335 6246548;info@ediliziabrambilla.it;Costruzioni
06112100968;BREVINI FLUID POWER DISTRIBUTION;;REGGIO EMILIA;RE;;;Produzione macchine/apparecchi meccanici
05006880966;BRI-GE BRIANZA GESTIONI SRL;;MONZA;MB;03960441;pasquale.paglietta@eurohotelresidence.it;Alberghi e ristoranti
3988240960;BRIANZA ACQUE SRL;;MONZA;MB;039/262301;claudia.passoni@brianzacque.it;Energia elettrica/gas/acqua
06168970967;BRIANZA CASE DI BONAVITA MARCO;;VILLASANTA;MB;0395972430;;
94570490154;BRIANZA SOLIDALE;;Monza;MB;039 20 25 334 338-2262956;brianzasolidale@libero.it;Volontariato
11144670962;BRIC DI TROVATO ANNA SARA;;CIVO;SO;3456584811;annasaratrovato@hotmail.it;
02388590966;BRIGUGLIO ROBERTA;;CORNATE D'ADDA;MB;0396820193;studiobriguglio@studiobriguglio.it;Contabilità
04867640965;BRIVIO E VIGANÒ LOGISTIC SRL;;BERGAMO;BG; 039 9061;info@brivioevigano.it;
02541810962;BRUEL S.R.L;;BRUGHERIO;MB;039.2873043;info@bruelmotion.com;Servizi avanzati alle imprese
5454545454;BUENOS AIRES SRL;;MILANO;MI;02 29521344;puccini@ih-hotels.com ;
02347400968;BURATI MAURIZIO;;BRUGHERIO;MB;039/2873832;info@ristorantesportingbrugherio.it;Alberghi e ristoranti
94506980153;C.E.R. MONZA ONLUS;;MONZA;MB;335 - 5380367;gpiermattei@teletu.it;Servizi alla persona e alla comunità
02256730968;C.S.A TENNIS AGRATE AD;;AGRATE BRIANZA;MB;;csatennisagrate@libero.it;
01472620119;CALEVO SRL;;MILANO;MI;0187988010;info@calevo.it;
01171240383;CAMPING FLORENZ SNC;;COMACCHIO;FE;0533 380193;info@holidayvillageflorenz.com;Alberghi e ristoranti
2711030409;CARDUCCI 76 SAS DI FERRETTI MASSIMO & CO;;CATTOLICA;RN;;direzione@carducci76.it;Alberghi e ristoranti
02749690968;CAREMOLI SPA;;MONZA;MONZA BRIANZA;0362364567;INFO@CAREMOLI.IT;
08995520965;CARUSO E ANDREATINI NOTAI ASSOCIATI;;MILANO;MI;0287072900;claudio.caruso@notaiocaruso.it;
03711470132;CASEIFICIO CATTANEO SRL;;LOMAGNA;LC;0395300353;info@caseificiocattaneo.it;Industrie alimentari/bevande/tabacco
00876390964;CASEIFICIO SALARIS SNC;;BRUGHERIO;MB;0398707754; marco.salaris@caseificiosalaris.it;Industrie alimentari/bevande/tabacco
02643150168;CASTEL;;PESSANO CON BORNAGO;MI;02957021;WCagnoni@Castel.it;Elettromeccanico
02635130962;CATTOLICA SOCIETÀ DI ASSICURAZIONE;;VILLASANTA;MB;335-7068644;villasanta@cattolica.it;Servizi avanzati alle imprese
5519130966;CAZZANIGA COSTRUZIONI CIVILI ED INDUSTRIALI SRL;;Besana Brianza;;0362.942270;;
8009660963;CC CED & SERVIZI S.R.L.;;BRUGHERIO;MB;0399181106;studiogiuseppecalabretta@gmail.com;
02358220966;CD DATACOM SRL;;BELLUSCO;MB;039 622051;r.paradiso@compeldis.com;Trasporti e attività postali
65771710968;CDI STEFANIA INVERNIZZI SOC. COOP.;;MUGGIO';MB;; info@cdistefaniainvernizzi.it;
00730420965;CEE ITALIANA;;CONCOREZZO;MB;;luca.bellotti@ceeitaliana.com;Elettronico/Automazione
02529410967;CENTRO CINOFILO BAUHOUSE DI PETRUCCI PAOLO;;MONZA;MB;;info@bauhouse.net;Agricoltura/silvicoltura
00892340969;CENTRO COORDINAZIONE CONSULENZE AZIENDALI SRL;;AGRATE BRIANZA;MB;039653751;valentina.brazzioli@studioluerti.it;
10176300159;CENTRO GIARDINAGGIO S. FRUTTUOSO A.A. SRL;;MONZA;MB;039742102;bramati@giardinaggiosanfruttuoso.it;Agricoltura/silvicoltura
012581700155;CENTRO POLISPECIALISTICO PACINI SRL;;MILANO;MI;;info@polispecialisticopacini.it;
03008540134;CENTRO SERVIZI VETERINARI VALCURONE;;MISSAGLIA;LC;399279338;INFO@CLINICAVETERINARIAVALCURONE.IT;Veterinario
011985320156;CESER S.R.L.;;MILANO;MI;0266998201;p.mastrolembo@ceser.it;
005283250966;CFH MILAN HOLDCO SRL;;MILANO;MI;;;
94502930152;CGIL MONZA E BRIANZA;;MONZA;MB;039-27311;cdltbrianza@cgil.lombardia.it;Altri servizi pubblici, sociali e personali
02156660132;CIBRA NOVA SNC;;CERNUSCO SUL NAVIGLIO;MI;02-92104927;lea@cibra.it;Produzione macchine/apparecchi meccanici
03251300129;CIDIMM SRL-STUDIO TECNICO INGEGNERIA;;MONZA;MB;039914077;AMMINISTRAZIONE@CIDIMM.IT;Studio tecnico
57190362436;CIGA GESTION S.R.L;;MILANO;MI;26336906;mara.falcier@sheraton.com;Alberghi e ristoranti
012879290158;CIGA GESTIONI SRL;;MILANO;MI;;;
94638180151;CIRCOLO MCL MONZA;;MONZA;MB;0398969293;MONZA@CENTROSERVIZIGROUP.COM;
00356478765;CISALPINA TOURS SPA (BRUGHERIO);;BRUGHERIO;MB;392871687;brugherio.manin@vivereeviaggiare.it;
00222456781;CISALPINA TOURS SPA (CONCOREZZO);;CONCOREZZO;MB;396908169;concorezzo@vivereeviaggiare.it;
00987654332;CISALPINA TOURS SPA (MILANO);;MILANO;MI;02234534077;milano.sarpi@vivereeviaggiare.it;
00637950015;CISALPINA TOURS SPA-VIVERE&VIAGGIARE;;SERIATE;BG;035-4520335;villanuovasulclisi@vivereeviaggiare.it;Agenzia Viaggi
000000858770159;CIT S.P.A. - BAGUTTA;;ARCORE;MB;3339519886;salettigiulia@gmail.com;Industrie tessili e dell'abbigliamento
03831140409;CITY HOTELS COMPANY CINISELLO SRL (HOLIDAY INN MILANO NORD);;CINISELLO BALSAMO;MI;02 61291728;ricevimento@hizara.it;Alberghi e ristoranti
09879808984;CIVIS ONLUS;;MILANO;MI;02 89096061 ;antonella.vitale@commongoods.it;
02645580784;CLINICA DENTALE DR. DATTOLA FRANCESCO;;DESIO;MB;;;
06873070962;CLINICA VETERINARIA BRIANZAVET;;CAPONAGO;MB;02/95746128;info@brianzavet.it;
08809380960;CLINICA VETERINARIA CITTÀ DI MONZA;;MONZA;MB;;amministrazione@clinvetmonza.it;Veterinario
07690880963;CLINICA VETERINARIA GALAPAGOS;;AGRATE BRIANZA;MB;0396210185;clinicaveterinariagalapagos@gmail.com;Veterinario
1928370061;CLINICA VETERINARIA MONFERRATO;;ALESSANDRIA;AL;;;
03970260968;CLINICA VETERINARIA PARCO DI MONZA;;VILLASANTA;MB;;;
03793470166;CLINICA VETERINARIA SAN LORENZO;;SUISIO;BG;0354948656;info@clinicaveterinariasanlorenzo.it;Veterinario
08597590960;CLINICA VETERINARIA SAN MAURIZIO;;COLOGNO MONZESE;MI;02 2730 7870;info@clinicaveterinariasanmaurizio.it;Veterinario
00984100966;CLOCK TRAVEL SRL;;VIMERCATE;MB;0396081376;soniamerlotti@clocktravel.it;Agenzia Viaggi
0154410369;CMB SOC. COOP;;MILANO;MI;;simone.motta@cmbcarpi.it;
09760300153;CMT SRL;;MILANO;MI;024390383;cmt@cmtcongressi.it;
02118311006;CNR- Consiglio Nazionale delle Ricerche;;MILANO;MI;0266173236;;Ricerca scientifica
08625070969;CNS GARDEN SRLS;;VILLASANTA;MB;3442745436;cnsgarden@libero.it ;Agricoltura/silvicoltura
10187740153;CO.A.FRA. SOCIETA' AGRICOLA COOPERATIVA SOCIALE;;CERNUSCO SUL NAVIGLIO;MI;02/9249433;agricola@nibai.it;Agricoltura/silvicoltura
94606270158;COLLEGIO DEI GEOMETRI;;MONZA;MB;;;Altri servizi pubblici, sociali e personali
It01903390035;COLMAS S.R.L.;;SAN PIETRO MOSEZZO;NO;0321033316;info@colmas.net;
02153240961;COLOMBO E C SRL;;LISSONE;MB;039465204;info@stcolombo.it;
02081850964;COMI IVANA ASSICURAZIONI;;ARCORE;MB;039616477;comi.assicurazioni@yahoo.it;Servizi avanzati alle imprese
97015930155;COMITATO MARIA LETIZIA VERGA;;MONZA;MB;039-2333526;amministrazione@comitatomarialetiziaverga.org;Sanità e altri servizi sociali
988560967;COMUNE DI ARCORE - BIBLIOTECA;;ARCORE;MB;039 60171 ;v.ragaini@cubinrete.it;
7338509600;COMUNE DI BIASSONO;;BIASSONO;MI;0392201031;personale@biassono.org;
00745520965;COMUNE DI BRUGHERIO;;BRUGHERIO;MB;392893217;s.agnes@comune.brugherio.mb.it;
00714490968;COMUNE DI CAVENAGO BRIANZA;;CAVENAGO DI BRIANZA;MB;029524141;protocollo@pec.comune.cavenagobrianza.mb.it;
01217430154;COMUNE DI CERNUSCO SUL NAVIGLIO;;CERNUSCO SUL NAVIGLIO;MI;029278371;personale@comune.cernuscosulnaviglio.mi.it;
00741200968;COMUNE DI CONCOREZZO;;CONCOREZZO;MB;39628001;personale@comune.concorezzo.mb.it;
00986460962;COMUNE DI CORREZZANA;;CORREZZANA;MB;0396065373; protocollo@comune.correzzana.mb.it;
748750965;COMUNE DI LESMO;;LESMO;MB;0396985599;mp.zimbaldi@comune.lesmo.mb.it;Pubblica Amministrazione
000000000008;COMUNE DI LESMO - NON USARE;;LESMO;MB;;m.mangano@comune.lesmo.mb.it;Pubblica Amministrazione
02030880153;COMUNE DI MONZA;;MONZA;MB; 039-2359043;tirocini@comune.monza.it;
07400570965;COMUNE DI MUGGIO;;MUGGIO';MI;;pubblica.istruzione@comune.muggio.mb.it;Pubblica Amministrazione
01703890150;COMUNE DI SEGRATE;;Segrate;;; ;
01482570155;COMUNE DI USMATE VELATE;;USMATE VELATE;MB;;;Pubblica Amministrazione
3245720150;COMUNE DI VILLASANTA;;VILLASANTA;MB;039/23754211;;
00728830969;COMUNE MONZA - SETTORE PROGETTAZIONE E MANUTENZIONI;;MONZA;MB;039/2359042-71;manalloggi@comune.monza.it;Pubblica Amministrazione
000000000090;COMUNE MONZA UFFICIO CATASTO;;MONZA;MB;0393900322;;
09265300133;CONFARTIGIANATO NOVA M.;;;;;l.sclafani@apconartigianato.it;Servizi avanzati alle imprese
00805590965;CONGEST S.A.S;;MONZA;MB;039-830741;longoni@congestsas.it;Servizi avanzati alle imprese
91099880154;CONSORZIO PARCO GRUGNOTORTO VILLORESI;;NOVA MILANESE;MB;0362374512;grugnotorto@comune.paderno-dugnano.mi.it;
02893130969;COOP LA COCCINELLA SCRL ONLUS;;CONCOREZZO;MB;;;
02800890960;COOPERATIVA SOCIALE META ONLUS;;Monza;MB;3476945272;metamonza@metacoop.org;
6618650961;CORDEN PHARMA S.P.A.;;CAPONAGO;MB;;;
94518970150;CREDA ONLUS;;MONZA;MB;039-9451248;luca.baglivo@creda.it;Altri servizi pubblici, sociali e personali
10171860967;CRISTINA GIANNICO;;MONZA;MB;;studiogiannicocristina@gmail.com;
084663309969;CROCE ROSSA ITALIANA COMITATO DI MONZA;;MONZA;MB;039204591;monza@cri.it;
5560610965;CRV DI CIRAVOLO GIUSEPPE;;MONZA;MB;;;
2774510966;CSV;;MONZA;MB;039-2848308;;
04423770231;D&D DESIGN AND DIGITAL S.R.L.;;BUSSOLENGO;VR;039 2285477;rds@designanddigital.it;Altre attività imprenditoriali
04977970153;DAIANA SAS;;MILANO;MI;039-2300116;claudia@daianaincentive.it;
00869670190;DALLEDONNE ANGELO;;PIEVE D'OLMI;CR;3298964756;laura.dalledonne1@gmail.com;
03888010133;DASY DI MAGGIONI DESIREE;;CERNUSCO LOMBARDONE;LC;3343863323;daisy.maggioni.agricola@gmail.com;Agricoltura/silvicoltura
02400000960;DATA SERVICE SAS;;PESSANO CON BORNAGO;MI;;stefanofanni@dataservicesas.it;Legale/Notarile
8594380969;DEA SPORT;;MONZA;MB;;;Commercio
00691860969;DELICATESSE SPA;;CONCOREZZO;MB;039.6040563;stefania.bianchi@delicatesse.it;Altre attività imprenditoriali
08506140964;DENTI ANDREA PABLO;;USMATE VELATE;MB;3474107302;ap.denti@libero.it;
05577260960;DESTINAZIONE SOLE;;BRUGHERIO;MB;0392287011;brugherio@destinazionesole.it;
Mt23615465;DEVO MARINE MALTA LTD;;COMUNE ESTERO;EE;+356 99565631;lb@devomarine.co.uk;
07882420156;DIAPASON COOPERATIVA SOCIALE A.R.L. ONLUS;;milano;MI;;coopdiapason@coopdiapason.it;Istruzione/Formazione
09743160963;DIERRE TENDAGGI;;MILANO;MI;;;
13137960152;DIMAC RED SPA;;BIASSONO;MB;0392494856-INT.218;s.pontiroli@dimacred.com;
10280530964;DISCORDIA PRODUCTION DI ALESSANDRO GIANNI;;MILANO;MI;3924193390;alessandro.gianni@discordiaproduction.com;Altre attività imprenditoriali
0238660963;DITTA FRASCHINI ALESSANDRO;;MONZA;MB;;;Commercio
94061940154;DOG HOUSE;;AGRATE BRIANZA;MB;;doghouseasilopercani@gmail.com;
09297890155;DOLCE & GABBANA S.R.L.;;MILANO;MI;331 409211;Patrizia.Tondin@dolcegabbana.it;Industrie tessili e dell'abbigliamento
34567890121;DOTT. MASSIMO CACCIAGUIDA;;MILANO;MI;3496733583;massimo.cacciaguida@tiscali.it;Servizi avanzati alle imprese
03185880964;DOTT. VERGANI UMBERTO;;MONZA;MB;039-2913242;DR.VERGANI@UMBERTOVERGANI.IT;
01963910136;DOTT.SSA CRISTINA BONARDI;;VERDERIO;LC;3356143256;veterinariverderio@libero.it;Veterinario
0392022006;DOTT.SSE GINA MASCALI E LUCIA BONTEMPO SNC;;MONZA;MB;;farmaciamodigliani@gmail .com;
It02714390362;DOXEE S.P.A.;;MODENA;MO;05988680;DOXEE@PEC.IT;
8530380966;DREAMS HOTEL SRL;;MILANO;MI;3401215866 ;cristina@dreamshotel.it;
6473230966;DUEVI S.R.L.;;CAVENAGO BRIANZA;MB;0295335174;info@duevifornitureindustriali.it;Elettronico/Automazione
10015290157;EDIL BAGNO ORCHIDEA SRL;;COLOGNO MONZESE;MI;0222543360;edilbagno1992@gmail.mail;Commercio
02609590969;EDIL VIBANDI S.R.L.;;MONZA;MB;039-2841372;Edilvibandisrl@tiscali.it;Costruzioni
07763570152;EDILVIT SRL;;;;02 92101771;vergani.gianpiero@edilvit.it;Costruzioni
11489470150;EDITRICE TEMI SRL;;MONZA;MB;039 2302398;pietro.salvioni@editricetemi.com;Promozione culturale
02114550961;EFFEBI UFFICIO SAS;;MACHERIO;MB;392010746;;Commercio
02306890969;ELABORAZIONI DATI CONTABILI SRL;;MONZA;MB;;edcsrl@hotmail.com;
07668870152;ELCODATA SRL;;CONCOREZZO;MB;0396049094;ylena@studioelcodata.it;Servizi avanzati alle imprese
01686450154;ELESA SPA;;MONZA;MB;039.2811334;info@elesa.com;Elettromeccanico
06933150960;ELISABETTA BORRINI;;MACHERIO;MB;3474436050;ELISABETTA@STUDIOBORRINI.INFO;
02242610166;EM SOLUZIONI SRL;;MILANO;MI;0286915041;info@jacons.com;Servizi avanzati alle imprese
06631330963;EMERGENCY ONG ONLUS;;MILANO;MI;02863161;alternanza.scuola@emergency.it;Volontariato
07250580961;EMERLAB TRIPLAE SRL;;MONZA;MB;;amministrazione@triplae.it;Altre attività imprenditoriali
09153940961;EMMECI PARTNERS E ASSOCIATI;;MONZA;MB;0395169200;caliendo@mcpa.it;
00759620214;ENGEL ITALIA S.R.L.;;VIMERCATE;MB;0396256622;viviana.galliani@engel.at;
02125341004;ENPA - ENTE NAZIONALE PROTEZIONE ANIMALI SEZIONE MONZA E BRIANZA;;MONZA;MB;3398344803;modena@enpa.org;Volontariato
069700240963;EQUISTASI S.R.L.;;GORGONZOLA;MI;0295138354;;
0000924128096;ERNEST SPA;;MILANO;MI;028983761;darine.osman@ernestairlines.com;Agenzia Viaggi
It10684140154;ESE ENGINEERING SERVICES FOR ENERGY;;MILANO;MI;;davide.franzini@esesrl.com;Elettronico/Automazione
4714480961;ETA BETA SERVIZI SRL;;BERNAREGGIO;MB;039/9711250;;
03692290962;EUROFINANZIARIA;;MILANO;MI;0267411411;hm.doriagrandhotel@adihotels.com;Alberghi e ristoranti
5006880966;EUROHOTEL-RESIDENCE;;CONCOREZZO;MB;039/60441;NICOLA.BADIALI@EUROHOTELRESIDENCE.IT;Alberghi e ristoranti
7583750968;EUROLAB  SRL;;BOVISIO-MASCIAGO;MB;0362-1908045;virgilio@eurolab.mi.it;Elettronico/Automazione
6857260969;EUROSLOT TOOLS S.R.L.;;MELZO;MI;0235000558;PIETRO.PIZZOCRI@ES-TOOLS.IT;Elettromeccanico
05984370154;EUROTRANCIATURA SPA;;BARANZATE;MI;02.350001;eurotranciatura@eurotranciatura.it;Produzione macchine/apparecchi meccanici
04036330241;EVENTHINK SRL;;ALTAVILLA VICENTINA;VI;;;
12592970151;EVENTI TELEMATICI;;MILANO;MI;02 97069084;direzione@;Servizi avanzati alle imprese
43267573598;EXCELSIOR GALLIA S.R.L;;MILANO;MI;;Maurizio.Busani@luxorycollection.com;Alberghi e ristoranti
06931680158;F.C.D. ENOTRIA 1908;;MILANO;MI;022593027;amministrazione@enotria.it;
11153080962;F.M. FIGHTING ASD;;BRUGHERIO;MB;3515880736;frankmonza2015@gmail.com;
09363350969;FACTORY SERVICE;;MONZA;MB;3701086755;CAFMONZASANCARLO@GMAIL.COM;Contabilità
00763980968;FAD FLANGE ACCIAIO E DERIVATI SPA;;CAMBIAGO;MI;02/959420;t.garavelli@fadflange.it;
02169030968;FALDUTO FRATELLI;;MONZA;MB;039.2002302;info@faldutofratelli.it;Costruzioni
00691970966;FARINA SRL;;VIMERCATE;MB;;;Commercio
00011111145;FARMACIA AMBROSIANA;;LESMO;MB;;;
10564390960;FARMACIA CACCIA SAS;;ORNAGO;MB;;farmaciacaccia58@gmail.com;
02593060961;FARMACIA CENTRALE SNC;;BRUGHERIO;MB;0392142046;p.molgaro@farmaciain.it;Commercio
00406990960;FARMACIA DOTT.CARLO MOTTA;;MONZA;MB;039/740183;info@farmaciamotta.com;Farmaceutico
06284510960;FARMACIA MAURI SNC;;CONCOREZZO;MB;039 6040534;info@farmaciamauri.com;Farmaceutico
5501660962;FARMACIA RISORGIMENTO;;CINISELLO BALSAMO;MI;;;
04127310961;FARMACIA SAN ROCCO;;MONZA;MB;039 2004263;farmaciasanroccomonza@gmail.com;
12878470157;FASTWEB SPA;;MILANO;MI;0245454695;politoc@thumbsupweb.org;Informatica e telecomunicazioni
08581970962;FATTORE ITALIA SRL;;MILANO;MI;0262071;fom@tocq.it;Alberghi e ristoranti
08915590965;FD VIAGGI SAA;;MONZA;MB;039-2148008;monza.romagna@bluvacanze.it;Agenzia Viaggi
80036210153;FEDERCHIMICA-FEDERAZIONE NAZIONALE DELL'INDUSTRIA CHIMICA;;MILANO;MI;02345651;federchimica@federchimica.it;
02654620968;FERRARIO STEFANIA- STUDIO FISIOTERAPICO;;CONCOREZZO;MB;3295440615;STEFANIA.FERRARIO@GMAIL.COM;
01153440530;FERTUNA SOCIETA' AGRICOLA;;GAVORRANO;GR;056688138;info@fertuna.it;Agricoltura/silvicoltura
11439920155;FIDA SRL;;BRUGHERIO;MB;039878733;VALERIA.QUADRIO@FIDA.IT;Contabilità
5925540964;FIERA MONZA E BRIANZA;;MONZA;MB;0392329665;Pizzo:elisa@yahoo.it;Servizi avanzati alle imprese
03562770481;FINDOMESTIC BANCA SPA;;Firenze;FI;;f.collini@findomestic.com;Intermediazione monetaria
8914870962;FINESTRA SUL MONDO DI NICOLETTA ARTINA;;MONZA;MI;399402053;info@finestrasulmondo.com;Agenzia Viaggi
04815190964;FIORDILANA DI HAUGLI HEIDI;;VILLASANTA;MB;395160100;heidi@fiordilana.it;Commercio
00916890965;FLORICOLTURA ANGELO RADAELLI S.A.S.;;MONZA;MB;039650131; info@radaelligarden.it;
00773250964;FLORICOLTURA BRIANTEA SRL;;BELLUSCO;MB;039 6021811;f.briantea@gmail.com;
04442280964;FLORICOLTURA GAVAZZI ENRICO E ANNA SOCIETA’ AGRICOLA;;BRUGHERIO;MB;338 2021128;enricogavazzi@libero.it;
0313810962;FLORICOLTURA LONGONI GIANMARIO;;VIMERCATE;MB;3483368535;longoni.mario51@gmail.com;Agricoltura/silvicoltura
03110530965;FLORICOLTURA S.S. DEI F.LLI COLOMBI SOC. AGR.;;SULBIATE;MB;039/623735;info@fondobrugarolo.it;Alberghi e ristoranti
94572270158;FONDAZIONE ALESSIO TAVECCHIO ONLUS;;MONZA;MB;0399636280;info@alessio.org;Volontariato
94582420157;FONDAZIONE DELLA COMUNITÀ DI MONZA E BRIANZA ONLUS;;MONZA;MB;039 3900942;lucia.mussi@fondazionemonzabrianza.org;
00987520962;FONDAZIONE DON ANGELO BELLANI ONLUS;;MONZA;MB;0392097204;ragioneria@fondazionebellani.it;
85012510153;FONDAZIONE MASSIMO BRIGATTI;;MONZA;MB;;;
05482120960;FONDAZIONE STEFANIA  ONLUS;;LISSONE;MB;0392456003;alternanza@fondazionestefania.it;Servizi alla persona e alla comunità
09900420960;FOOD LIFESTYLE SRL;;MILANO;MI;;;
00850950965;FORMA CLUB SAS DI BERETTA D E SALA F;;VILLASANTA;MB;3387487677;info@formaclub.it;Altre attività imprenditoriali
03263920138;FOTODIGITALDISCOUNT DI FABRIZIO LOCATI;;ARCORE;MB;;fotoarcore@gmail.com;Commercio
07267310964;FOTOMONZA DI MASSIMO CORVINO;;MONZA;MB;0395962137;fddmonza@gmail.com;
05933070962;FPZ SPA;;CONCOREZZO;MB;;;
00932090962;FRATELLI RIBOLDI - SOCIETA' AGRICOLA;;TRIUGGIO;MB;3485496743;fattorianelverde@pec.coldiretti.it;Agricoltura/silvicoltura
09227750966;FRESCHI MONACI SRL;;BRUGHERIO;MB;039870540;raffaella@caseramonaci.com;Agricoltura/silvicoltura
07338171007;FRIESLANDCAMPINA ITALY SRL;;AGRATE BRIANZA;MB;;alessandro.belloli@frieslandcampina.com;
05068970267;FVR SRL;;MONZA;MB;0276317984;banchetti@castelbrando.it;Alberghi e ristoranti
00873260160;G.A.R. S.R.L.  - HOTEL CAPPELLO D'ORO;;BERGAMO;BG;035 42 22 711;cappellodoro.bg@bestwestern.it;
09685730963;GALLO ANDREA;;AGRATE BRIANZA;MB;0392876087;andrea.gallo@studiogandrea.com;Contabilità
873260160;GAR SRL;;BERGAMO;BG;354422711;caporicevimento@hotelcappellodoro.it;Alberghi e ristoranti
11172490960;GATTA CI COVA;;MONZA;MB;0396771683;gattacicovamonza@gmail.com;
04473370965;GATTACA VIAGGI S.R.L.;;MILANO;MI;;info.gattacaviaggi@frigerioviaggi.com;Agenzia Viaggi
It02042680138;GATTINONI TRAVEL NETWORK;;MONZA;MB;0341 292711;risorseumane@gattinoni.it;Altre attività imprenditoriali
02348360963;GAVIRAGHI GIUSEPPE SNC;;CONCOREZZO;MB;0396040461;info@gaviraghi.it;Commercio
08702880967;GDF HOTEL SRL;;MILANO;MI;;h9379@accor.com;Alberghi e ristoranti
It02156020345;GEA PROCESS ENGINEERING S.P.A.;;SEGRATE;MI;02 21010611;info.pe.it@gea.com;
07778870969;GEO TREND SAS;;MONZA;MB;;;
02235040967;GEOM. FABIO MOLTENI STUDIO DI PROGETTAZIONE;;MONZA;MB;039-2304350;studiomolteni@gmail.com;Studio tecnico
0000000000007;GEOM.D'ANGELLA GIUSEPPE;;CARNATE;MB;;;
4328850963;GEOMETRA DARIO RADAELLI;;VIMERCATE;MB;;;
00977960962;GESIS SRL;;AGRATE BRIANZA;MB;03965732218;mirabile@studioteruzzi.it;Servizi avanzati alle imprese
00393810965;GESTIONE AREE VERDI DI MARTINELLI GIOVANNI;;MONZA;MB;039736318;info@gestioneareeverdi.it;Agricoltura/silvicoltura
03103160135;GHEZZI MARCO;;MERATE;LC;0399907044;amministrazione.ghezzi@gmail.com;
02229840968;GI.RONCHI S.R.L.;;CONCOREZZO;MB;039/6040034;GIRONCHI@GIRONCHI.IT;
90009710188;GIACCHE VERDI LOMBARDIA ONLUS;;CORTEOLONA;PV;3397117565;info@giaccheverdilombardia.it;
02453820967;GIADINI BORROMEO SRL;;VIMERCATE;MB;039 669004;progetti@vivaiborromeo.it;Agricoltura/silvicoltura
00744590969;GIAMBELLI S.P.A.;;VIMERCATE;MB;039-60261;giambelli@giambelli.it;Costruzioni
13115300157;GISELLA GUARNIERI SAS;;BRUGHERIO;MB;039/2872480;gisellaguarnierisas@gmail.com;Assicurativo
02650400969;GIUSEPPE PELLICANO GEOMETRA;;VILLASANTA;MB;3356870138;giuseppe@pellikano.it;Costruzioni
02264580966;GLOB S.N.C. DI COLZANI LUIGIA E ANNESE GIUSEPPE & C.;;BRUGHERIO;MB;039-6892922;amministrazione@globsnc.com;Produzione macchine/apparecchi meccanici
02619110964;GOLF BRIANZA COUNTRY CLUB;;USMATE VELATE;MI;039 - 6829089;f.alajmo@brianzagolf.it;
02117340139;GRAND HOTEL IMPERIALE SPA;;MOLTRASIO;CO;031 346111;info@imperialemoltrasio.it;Alberghi e ristoranti
01136310412;GRAND HOTEL MICHELACCI;;GABICCE MARE;PU;;info@michelacci.com;Alberghi e ristoranti
07347790961;GRAND HOTEL VILLA TORRETTA;;SESTO SAN GIOVANNI;MI;02241121;info@villatorretta.it;Alberghi e ristoranti
00989190962;GRUPPO SPORTIVO DILETTANTISTICO CONCOREZZESE;;CONCOREZZO;MB;;;
07410980150;GRUPPO UNA SPA;;MILANO;MI;3404507850;personale@GRUPPOUNA.IT;Alberghi e ristoranti
7634630961;HAKUNA MATATA;;BIASSONO;MB;039/2324162;alesmero@tin.it;Agenzia Viaggi
09201790962;HFB SRL - LA BERGAMINA;;ARCORE;MB;0396013610;hotelbergamina@gmail.com;Alberghi e ristoranti
09041140964;HIBU SOCIETA' AGRICOLA SRL;;SESTO SAN GIOVANNI;MI;349.73.78.520;amministrazione@birrificiohibu.it;Industrie alimentari/bevande/tabacco
02086980402;HOLIDAY COMPANY SAS - I SUITE;;RIMINI;RN;054154599;omsuite@ambienthotels.it;Alberghi e ristoranti
00100000000000;HOTEL AMBASCIATA;;CESENATICO;FC; 0547/82824;info@hotelambasciata.com;Alberghi e ristoranti
02486960236;HOTEL AQUALUX SAN SEVERO SRL;;BARDOLINO;VR;045-6229999;restaurant@aqualuxhotel.com;Alberghi e ristoranti
00091790968;HOTEL ARCIMBOLDI;;MILANO;MI;0284266800;manager@hotelarcimboldi.it;Alberghi e ristoranti
848970968;HOTEL BRIANTEO;;MONZA;MB;396080436; hotel@brianteo.it;Alberghi e ristoranti
710560962;HOTEL DE LA VILLE;;MONZA;MN;039 39421;info@hoteldelaville.com;Alberghi e ristoranti
02383100449;HOTEL E CAMPING OASI DI CUPRA;;CUPRA MARITTIMA;AP;0735778078;info@oasidicupra.it;
0200002222222;HOTEL E RISTORANTE AL FIORE;;PESCHIERA DEL GARDA;VR;0457550113;amministrazione@hotelalfiore.it;Alberghi e ristoranti
04124840408;HOTEL ELIZABETH DI NORGE S.R.L.;;BELLARIA-IGEA MARINA;RN;0541344119;info@hotelelizabeth.com;Alberghi e ristoranti
03933270401;HOTEL ERMITAGE DI ELISA SAVINI;;Bellaria Igea Marina;RN;0541349422 0541347633;;Alberghi e ristoranti
02156020402;HOTEL LA CONCHIGLIA;;BELLARIA-IGEA MARINA;RN;0541347464;info@laconchigliahotel.it;Alberghi e ristoranti
01891560409;HOTEL LOCANDA DELLE  DUNE DI BELLARIA;;BELLARIA-IGEA MARINA;RN;;;
06621940961;HOTEL MILAN SUITE  SRL A SOCIO UNICO;;MILANO;MI;0233431618;silvia.ceronetti@milansuitehotel.com;Alberghi e ristoranti
7460350965;HOTEL MILANO RE;;CINISELLO BALSAMO;MI;; info@milanorehotel.it;Alberghi e ristoranti
0123232323;HOTEL PALACE - MARE SRL;;VARAZZE;SV;1997706;info@hotelpalacevarazze.it;Alberghi e ristoranti
00804780986;HOTEL PIAN DI NEVE (SOC. NY COAST 2002 SRL);;MILANO;MI;3356880986 0364903003;piandineve@saintjane.it;Alberghi e ristoranti
9733490156;HOTEL ROYAL FALCONE;;MONZA;MB;;info@royalfalcone.com;Alberghi e ristoranti
0098370969;HOTEL SANT'EUSTORGIO LA ALBERGHIERA ARCORESE;;ARCORE;MB;;info@santeustorgio.com;Alberghi e ristoranti
7638170964;HOTEL SIMA  MANAGEMENT SRL- AGAPE HOTEL;;MILANO;MI;02.27200702;direzione@agapehotel.com;Alberghi e ristoranti
00904090446;HOTEL SYMPATHY SRL;;MARTINSICURO;TE;335 5436136;pierfrancescociaralli@gmail.com;Alberghi e ristoranti
6931000969;HOTEL VENICE DI ANDREA MARUZZELLI C. SAS GESTIONE HOTEL B&B MONZA;;MONZA;MB;0362325825;mi.monza@hotelbb.com;Alberghi e ristoranti
01010101111;HOTEL VENICE SAS GESTIONE HOTEL B&B MONZA - ERRATA;;MONZA;MB;039325825;mi.monza@hotelbb.com;Alberghi e ristoranti
00000001000000;HOTELS & RESORTS EMAAR  SRL MILANO;;MILANO;MI;;;Alberghi e ristoranti
2508990393;HOTELS NEW CERVIA  SRL;;CERVIA;RA;544971058;leo@cerviahotels.com;Alberghi e ristoranti
3578640967;HOTELS RAMA  SRL;;CORSICO;MI;229403907;sales@hotelmercuremilanocentro.it;Alberghi e ristoranti
97692990159;HUMANITAS UNIVERSITY;;PIEVE EMANUELE;MI;;;Promozione e sviluppo tecnico-scientifico
05634160963;HYDRO EXTRUSION ITALY SRL;;ORNAGO;MB;0396658316; barbara.dellolio@hydro.com;
01442240030;IBM ITALIA S.P.A;;SEGRATE;MI;;l.massobrio@it.ibm.com;Informatica e telecomunicazioni
04063270161;ICE LAB SSDSRL;;BERGAMO;BG;035276047;segreteriabergamo@ice-lab.it;
03489951206;IFOM SOC. COOP.;;BOLOGNA;BO;328 4597057;office@ifom.info;
85006410154;IIS MOSÈ BIANCHI;;MONZA;MB;039235941; mbis06800p@istruzione.it ;Istruzione
02529950137;IKEBANA GREEN GARDEN;;MISSAGLIA;LC;399201168   039870540;;Agricoltura/silvicoltura
05222840968;IL BOSCHETTO SOCIETA' AGRICOLA SRL;;ORNAGO;MB;0396919015;reception@agriturismoilboschetto.net;Alberghi e ristoranti
02237350968;IL LABORATORIO DELL'IMMAGINARIO;;MONZA;MB;039-2027002;amministrazione@;Altri servizi pubblici, sociali e personali
06208580966;IL QUADRIFOGLIO SNC;;MUGGIO';MB;3939768230;ilquadrifogliosnc94@tiscali.it;Agricoltura/silvicoltura
08282300964;IL VINATTIERE DI FRANCESCO MARIA LO GRASSO;;VILLASANTA;MB;039 2054293;ilvinattiere.flg@gmail.com;
00966240962;IMMAGINE FIERA DI GRAZI U. & C SAS;;AGRATE BRIANZA;MB;0396058397;ugograzi@immaginefiera.it;Altre attività imprenditoriali
03048490969;IMMEDIANDO SRL;;CONCOREZZO;MB;039895121;tina.manzi@immediando.com;Informatica e telecomunicazioni
2026430963;IMMOBILIARE 90 S.A.S.;;MONZA;MB;0392301495;;
08583760155;IMPRESA CESAB SRL;;VIGEVANO;PV;0293290050;cesabsrl@virgilio.it;
0101010101;IMPRESA COSTRUZIONI ONGARO;;MONZA;MB; 0392020256 ;ongaro@impresaongaro.it;
02050250964;IN SPORT SRL SSD;;VIMERCATE;MB;0396080234;info@insportsrl.it;Servizi alla persona e alla comunità
12515360159;INFRONT ITALY;;MILANO;MI;02-771121;daniela.menegazzo@;Servizi avanzati alle imprese
07634220961;ING. MARCO ESPOSITO;;CARATE BRIANZA;MB;3478496046;marco_esposito@live.it;
12327240151;INGEGNERE MARIO STEVANIN;;LISSONE;MB;;stevanin.mario@gmail.com;Studio tecnico
8511250964;INTERNATIONAL ACADEMIC EXCHANGES SRL;;MILANO;MI;3398049071;valentina@becasse.it;
09812750967;INTERNATIONAL MANAGEMENT CONSULTING GROUP SRL O IMC-GROUP SRL;;CINISELLO BALSAMO;MI;02 49539 510;INFO@IMC-GROUP.EU;
09449660969;IPPOCAMPO COOP SOC ONLUS;;VIMERCATE;MB;039 667090 - 348 562 6268;gabriola@dsapp.it;
It10151760963;ISOLA DI LAB DI DAVIDE FALLARINI;;CONCOREZZO;MB;334 397 2022;davidefalla93@gmail.com;
91001750156;ISS LUIGI CASTIGLIONI;;LIMBIATE;MB;029965595;miis073009@istruzione.it;Istruzione
00697570968;ISTITUTI CLINICI ZUCCHI SPA;;MONZA;MB;039.83831;viviana.borin@grupposandonato.it;Sanità e altri servizi sociali
9444340153;ISTITUTO CLINICO CITTÀ STUDI SPA;;MILANO;MI;;;
94627670154;ISTITUTO COMPRENSIVO - VIA CORREGGIO;;MONZA;MB;039 830117;icviacorreggiomonza@gmail.com;
87005370157;ISTITUTO COMPRENSIVO BONTEMPI AGRATE BRIANZA;;AGRATE BRIANZA;MB;039650220;miic8ey003@istruzione.it;
9458131015;ISTITUTO COMPRENSIVO FILIPPO DE PISIS;;BRUGHERIO;MB;039/2873352;miic8am00n@istruzione.it;
94040140157;ISTITUTO COMPRENSIVO G. MARCONI;;CONCOREZZO;MB;03962800707;miic8dm00d@istruzione.it;Istruzione
94030860152;ISTITUTO COMPRENSIVO LESMO;;LESMO;MB;0396064637;luigiantonicolardi@gmail.com;Istruzione
13196620150;ISTITUTO ITALIANO DEI PLASTICI S.R.L.;;MONZA;MB;039 2045721;marta.zanoli@iip.it;
83007100155;ISTITUTO LEONARDO DA VINCI - CARATE BRIANZA;;CARATE BRIANZA;MB;0362903597;iccarate@iticarate.it;
00862500964;ITALCONSULTA SRL;;MONZA;MB;0392301291;risorse_umane@italconsulta.it;
93201830234;ITALIAN DIPLOMATIC ACADEMY;;VERONA;VR;045.2069755;segreteria@italiandiplomaticacademy.org;Istruzione/Formazione
03006190965;IVANA TRESOLDI RAG. COMMERCIALISTA;;BRUGHERIO;MB;3472546283;ivana.tresoldi@studiotresoldi.net;Servizi avanzati alle imprese
02280620960;J + S  S.R.L.;;CONCOREZZO;MB;039-6886381;giorgio.gregato@jpius.it;Servizi avanzati alle imprese
320960404;K2 GIORGETTI LOREDANA E ADELEE C SNC;;BELLARIA-IGEA MARINA;RN;0541 330064;info@hotelk2.it;
00758294096;KAPPA VIAGGI DI MARAFIKI TRAVEL SAS;;ARCORE;MB;396180462;alessandra@kappaviaggi.it;
10518100960;KEENONGREEN SRL;;MONZA;MB;392021100;francesca@keenongreen.it;Agenzia Viaggi
02213510130;L'ERBORISTERIA DOTT. MARTINI E VITALI SNC;;MERATE;LC;0399902088;info@erboristeriamerate.it;
0983750969;LA ALBERGHIERA ARCORESE SRL;;ARCORE;MB;0396013718;info@santeustorgio.com;
9201790962;LA BERGAMINA - ERRATA;;ARCORE;MB;396013610;hotelbergamina@gmail.com;
94630930157;LA BIBLIOTECA È UNA BELLA STORIA - AMICI DELLA LETTURA E DELLE BIBLIOTECHE;;MONZA;MB;039.386984;bibliotecabellastoria@gmail.com;Promozione culturale
09328670964;LA LUMACA IN VALLE SOCIETA' SEMPLICE IMPRESA AGRICOLA;;CORREZZANA;MB;347 3146798;erreci.arcore@gmail.com;
5654560961;LA ROSA DEI VENTI SAS - BLU VACANZE;;RONCELLO;MB;039-6890027;agratebrianza@bluvacanze.it;Agenzia Viaggi
12270650158;LANGUAGE TEAM SRL;;MILANO;MILANO;02/69016287;info@languageteam.it;Agenzia Viaggi
02351520966;LCA DI F. NATALI & C. SNC;;BRUGHERIO;MB;039883922;elena.natali@lcanatali.com;Altre attività imprenditoriali
80107930150;LEGA TUMORI MILANO;;MILANO;MI;0249521;carmen.odorifero@legatumori.mi.it;
08523440967;LEONARDO HOTEL HERMITAGE SRL;;MILANO;MI;02 22175570;ran.dayan@leonardo-hotels.com;Alberghi e ristoranti
05602710963;LEROY MERLIN ITALIA S.R.L.;;LISSONE;MB;0295545702;run.piacenza@leroymerlin.it;Commercio
07932010965;LICOR DEI SRL;;GESSATE;MI;0295383727;birra.licordei@gmail.com;
03553850961;LILLA' SAS;;BRUGHERIO;MB;039 5962257;asilonidoscarabocchio@virgilio.it;
07183020960;LITTLE GARDEN LANFRANCHI SNC;;CONCOREZZO;MB;030 6040339;ivan.lanfranchi@hotmail.it;Agricoltura/silvicoltura
02333450969;LO STUDIAMONDO S.R.L.;;Seregno;;;info@lostudiamondo.it;Agenzia Viaggi
0833067080961;LO STUDIO ELISA CERCHIARA;;MONZA;MB;;cerchiararita@gmail.com;Servizi avanzati alle imprese
04587220965;LODA SIMONE;;ARCORE;MB;3928286236;srlavorazioniferro@hotmail.it;
00574580130;LOMBARDA MOTORI SPA;;MONZA;MB;0392815721;giorgio.barlassina@lombardamotori.it;
11985320156;LOMBARDIA CENTRO SERVIZI S.R.L.;;MILANO;MI;3290440203;s.marenco@cafuil.mb.it;
10265510965;LUISI LUCA IMPIANTI SRL;;MONZA;MB;3382944301;luisiluca@legalmail.it;Costruzioni
02508710585;LUISS LIBERA UNIVERSITÀ INTERNAZIONALE DEGLI STUDI SOCIALI GUIDO CARLI;;ROMA;RM;06852251;sdibartolomeo@luiss.it;Istruzione
08749350966;MADAMA SRL;;MILANO;MI;0236727370;info@madamahostel.com;Alberghi e ristoranti
00885810960;MAGNANI SEMENTI SRL;;VIMERCATE;MB;039669644;info@magnanisementi.com;Agricoltura/silvicoltura
7377130963;MALACRIDA AVC  S.R.L.;;MONZA;MB;;;Costruzioni
07124880969;MANIACI DEI VIAGGI;;VILLASANTA;MB;039 2054112;maniacideiviaggi@gmail.com;Agenzia Viaggi
12275720154;MARCO ALFREDO RAVIZZA;;MILANO;MI;0255017937-57;studio.marcoravizza@gmail.com;
04630800961;MAREA CONSULTING S.R.L.;;CUSANO MILANINO;MI;026133018;elena.mariani@mareaconsulting.it;Servizi avanzati alle imprese
02492570961;MASSIMO MAGGIULLI;;MONZA;MB;039369549;ag0351@saraagenzie.it;
02639670963;MAXIM INTEGRATED PRODUCTS UK;;ROZZANO;MI;0200649005;annalisa.tettamanti@maximintegrated.com;
06408460969;MBNEWS;;MONZA;MB;039-361411;s.sala@mbnews.it;Fabbricazione carta/stampa/editoria
4640580967;ME.PA.ASSICURAZIONI SAS;;MONZA;MB;0392301818;epattini@mepamonza.it;Altre attività imprenditoriali
05629750968;MEARES SRL;;CONCOREZZO;MB;039/2024009;Valentina@meares.it;
02774510966;MEDIA SYSTEM LAB SRL;;MACHERIO;MB;0392323148;info@m-s.it;
00477710016;MEGADYNE SPA UNIPERSONALE;;MATHI;TO;011/5505055;valentina.venturi@ammega.com;
00845920966;MEREGALLI GIUSEPPE SRL;;MONZA;MB;0392301980;matteo.sacchi@meregalli.it;
10476800965;MGA RENT SRLS;;MELZO;MI;0392181852;info@mgarent.com;
01817820499;MIRAMARE - VILLAGE APARTMENTS CAMPING;;LIVORNO;LI;0586 580402; info@miramare.me;
03581820127;MITHOS VIAGGI;;VEDANO AL LAMBRO;MB;0399418190;info@pirotravel.com;Agenzia Viaggi
00208310136;MOLINO ANSELMO COLOMBO SRL;;PADERNO D'ADDA;LC;039 9515129;contabilitaclienti@molinocolombo.it;Agricoltura/silvicoltura
00828740969;MONGUZZI TRASPORTI;;MONZA;MB;039.6042248;stefano@monguzzitrasporti.it;Trasporti e attività postali
0910880965;MONZA TRAVEL;;MONZA;MB;039 9639748;monza travels@gmail.com;Agenzia Viaggi
80150050153;MOVIMENTO AFRICA 70;;MONZA;MB;039 2308465;africa70@africa70.org  ;
06781690968;MULTIMEDICA S.P.A.;;MILANO;MI;02/24209069;paula.pierdona@multimedica.it  ;Sanità e altri servizi sociali
4596360752;MUSEO ARCHEOLOGICO NOVA APULIA SOC. CONS.ARL.;;TARANTO;TA;;elisamati@alice.it;
0000008597750150;MUSEO NAZIONALE DELLA SCIENZA E DELLA TECNOLOGIA LEONARDO DA VINCI;;MILANO;MI;02 48 555 480;pistocchi@museoscienza.it;
00801710963;NASTRIFICIO ALBERT BONATI SRL;;CONCOREZZO;MB;0396041617;francesca@albertbonati.com;Altre industrie manifatturiere
00691830962;NASTRIFICIO DE BERNARDI SRL;;CONCOREZZO;MB;039648651;federica@nastrificiodebernardi.com;Industrie tessili e dell'abbigliamento
91048180151;NATUR& ONLUS;;SEVESO;MB;;;Altri servizi pubblici, sociali e personali
00689460962;NEGRI BOSSI SPA;;COLOGNO MONZESE;MI;02273481;slento@negribossi.it;Elettronico/Automazione
02940530963;NEW CRAZY COLORS SRL;;MONZA;MB;0392028367;info@newcrazycolors.it;Altre industrie manifatturiere
03015070968;NONSOLOVIAGGI BRIANZA SRL;;MONZA;MB;0392326467;TCIMONZA@TCIMONZA.IT;Agenzia Viaggi
08431920969;NOTARO ABITARE S.R.L.;;VILLASANTA;MB;3355454239;basilio.notaro@gmail.com;Commercio
04497970964;NOVITAL SRL;;Milano;MI;039/881121;novital@novitalrent.com;Contabilità
It10804760154;NPI ITALIA S.R.L.;;MONZA;MB;039204981;;
09763060960;NULLAM TECH SRLS;;MONZA;MB;0398960934;nullamtech@cgn.legalmail.it;
06411230961;NUOVA ERIM SRL A SOCIO UNICO;;CESANO MADERNO;MB;0362551333;claudia.massironi@erimsrl.it;Servizi avanzati alle imprese
10498600153;NUOVA TRANSPORTS SPA;;CONCOREZZO;MB;039.628051;bnava@gruppont.com;Trasporti e attività postali
123476531;NUVOLA VERDE;;MONZA;MB;;gemma.michetti@gmail.com;Istruzione/Formazione
01383360896;O.P.A.C. SOCIETA' COOPERATIVA AGRICOLA;;SIRACUSA;SR;0931722260;opac@campisi.it;
10402300965;OBERDAN 12 SRL;;MILANO;MI;02/29403907;sales@hotelmercuremilanocentro.it;Alberghi e ristoranti
00778940155;OFFICINE MECCANICHE FRATELLI RONCHI, GIA' BELLONI SRL;;CINISELLO BALSAMO;MI;;info@officineronchi.it;Elettromeccanico
03776250965;OGGIONI GIANLUCA MARIA;;MONZA;MB;3387657830;;
03752350961;OLFI S.R.L.;;COLOGNO MONZESE;MI;022532214;acquisti@olfi.it;Produzione macchine/apparecchi meccanici
09271620156;OMR ITALIA SPA;;CONCOREZZO;MB;039 6113213;sondra.biloni@OMRITALIA.it;Impianti elettrici
85007810154;ORDINE AVVOCATI DI MONZA;;MONZA;MB;039 382481;info@ordineavvocatimonza.it;
101010102229;ORSA MAGGIORE SRL - "NON USARE";;MONZA;MB;039/387205;meeting@heliosmonza.com;Alberghi e ristoranti
04597850967;ORSA MAGGIORE SRL- HELIOS HOTEL;;MILANO;MI;039387205;info@heliosmonza.com;Alberghi e ristoranti
02245870965;ORZA MINORE SSD;;MONZA;MB;039-2302256 ;corsi@orzaminore.eu;
03253030153;OSPEDALE S. GERARDO;;MONZA;MB;039-2339054;mpina@hsgerardo.org;Sanità e altri servizi sociali
7636600962;OSPEDALE SAN RAFFAELE S.R.L.;;MILANO;MI;;;
00983780966;OTTAVIO DOSSI S.R.L;;BURAGO DI MOLGORA;MB;039 668125;info@dossicostruzioni.net;Altre attività imprenditoriali
09142280966;OTTICA PANZERI DI TROVATO GIORGIA;;CONCOREZZO;MB;;ottica.panzeri@gmail.com;
2635130962;P.G. ASSICURAZIONI SAS;;VILLASANTA;MB;039/2325033-034;;
05954420963;P.O.C.B.  FERMENTUM SRL - CARROBIOLO;;MONZA;MB;039325100;pietrofontana@birradelcarrobiolo.it;Industrie alimentari/bevande/tabacco
02816921213;PACCHIANO CARMINE;;NAPOLI;NA;0818214311;CPACCHIANO@GMAIL.COM;
02243970965;PAPILLON VIAGGI;;MONZA;MB;039-2002490;papillon.viaggi@gmail.com;Servizi avanzati alle imprese
01303710220;PARK HOTEL QUERCETO SAS DI LCG LOMBARDINI SRL;;MALCESINE;VR;045 7400344;info@hotelquerceto.com;Alberghi e ristoranti
921630968;PARROCCHIA S. ANASTASIA;;VILLASANTA;MB;039 302183;;
91507730157;PARROCCHIA S. BARTOLOMEO APOSTOLO;;CASSANO D'ADDA;MI;3470401475;giacomo.pezzuto@gmail.com;
87003010151;PARROCCHIA S. MAGHERITA;;USMATE VELATE;MB;3201763828;chiesa.margherita@tiscalinet.it;
985850965;PARROCCHIA S.S. GERVASO E PROTASO – SCUOLA INFANZIA MARIA IMMACOLATA;;TRIUGGIO;MB;;materna.tregasio@virgilio.it;
87003310155;PARROCCHIA SS COSMA E DAMIANO;;CONCOREZZO;MB;0396040870;segreteria@chiesadiconcorezzo.it;
08928380966;PATRIZIA MAURI;;CERNUSCO SUL NAVIGLIO;MI;+393356250074;patrimauri@alice.it;Agricoltura/silvicoltura
00699280962;PEG PEREGO SPA;;ARCORE;MB;039 60881;amministrazione@pegperego.com;Contabilità
5283250966;PEH MILAN HOLDCO SRL;;MILANO;MI;0263369015;anastasia.lisotto@luxurycollection.com;Alberghi e ristoranti
09048540158;PELLINI SPA;;CODOGNO;LO;0377466411;INFO@PELLINI.NET;
11514130159;POLICLINICO DI MONZA;;MILANO;MI;0392810365;anna.carta@policlinicodimonza.it;Sanità e altri servizi sociali
00802290965;PREVI SRL;;CONCOREZZO;MB;039.6040808;info@predisrl.com;Industrie tessili e dell'abbigliamento
07835130969;PROGRESSO MILANO SRL;;SESTO SAN GIOVANNI;MI;022627071;sabrina.more@progressomilano.it;Altre attività imprenditoriali
01056840968;PUNTOCASA CONCOREZZO SAS DI MOTTA ALESSANDRO & C.;;CONCOREZZO;MB;039648834;sandro.motta@puntocasa.net;
11055000159;QI VIAGGI DI MA.GI.A. SAS;;AGRATE BRIANZA;MB;0396892297;fiorella@qiviaggi.it;Servizi avanzati alle imprese
8452340964;QTS ITALY SRL;;CAPONAGO;MB;;;
1105530159;QUE VIAGGI;;AGRATE BRIANZA;MB;039-689292297;BERFRA@LIBERO.IT;
11713400155;R.T MULTIMEDIA;;MONZA;MB;039-5970340;a.lenti@reteimprese.info;Informatica e telecomunicazioni
11894520961;R2G FLUIDICS S.R.L.;;BURAGO DI MOLGORA;MB;;uff.tecnico@r2g-fluidics.com;Elettromeccanico
02101450969;RADAELLI COSTRUZIONI S.P.A;;VIMERCATE;MB;;;Costruzioni
00708540968;RADAELLI STEFANO SNC;;AGRATE BRIANZA;MB;039650884;amministrazione@radaelliflor.it;
02847300130;RADIO MARCONI S.R.L;;CALCO;LC;039-508597;viola.delissandri@;Informatica e telecomunicazioni
02368290967;RAG. COLOMBO MASSIMO;;VIMERCATE;MB;0396892970;colombo@garcol.it;Altre attività imprenditoriali
723810966;RALCO  SRL;;BIASSONO;MB;3382584655;g.pagani@ralco.it;
08196470960;RANCH LA MONELLA A.S.D.;;USMATE VELATE;MB;3386250443;ranchlamonella@libero.it;Agricoltura/silvicoltura
05277120969;RE TECH LIFE COOP. SOC. O.N.L.U.S.;;USMATE VELATE;MB;039 675 5299;progettosociale@retechlife.com;Informatica e telecomunicazioni
2610040962;RE.CO.SERVICE SAS;;BRUGHERIO;MB;;info@reco.mi.it;Contabilità
05528370967;REALPROGEST - STUDIO DI ARCHITETTURA E INGEGNERIA;;MONZA;MB;3472216557;VATICANO@REALPROGEST.IT;
02610040962;RECO.SERVICE SAS DI OGGIONI ROBERTA & C;;BRUGHERIO;MB;0392873107;info@reco.mi.it;
04298940406;RESIDENCE LA.TI. DI SAVINI SERGIO ED ELISA;;BELLARIA-IGEA MARINA;RN;0541-349422;INFO@RESIDENCESUITE.IT;Alberghi e ristoranti
2548600408;RESIDENCE MARE PINETA SOC. VACANZE;;RAVENNA;RA;335 5254711;info@marepineta.it;
05849840151;RIALTO SPA;;BRESSO;MI;0226241411;EBELLANI@ILGIGANTE.NET;
02873290965;RIALTO SRL - IBIS STYLES MILANO AGRATE BRIANZA;;AGRATE BRIANZA;MB;03968371;h8301-FO@accor.com;
00878680966;RIFRA NASTRI SRL;;CONCOREZZO;MB;;;
01936600137;RIGAMONTI MARIA TERESA;;VIGANO';LC;039 9211018;info@teresadellefragole.it;
97901680153;RIL FACTORY ETS;;MILANO;MI;3475297146;rilfactory@gmail.com;
00831460969;RIMA SRL;;CUSANO MILANINO;MI;026196192;;
00738350966;RITECO SNC DI GARZARO DOMENICO & C;;ARCORE;MB;3386344597;riteco@libero.it;Produzione apparecchiature elettriche/ottiche
02754040968;RIVAL SRL LAVORAZ.MECC;;CARUGATE;MI;029253895;paolariva@rivalgroup.com;
05249630962;RIVOLTA  ARIANNA -UNITARGET IMMOBILIARE;;LISSONE;MB;0392910294;unitargetimmobiliare@gmail.com;Costruzioni
11221300012;RMBM SRLS;;TORINO;TO;02324141;rmbmsrls@gmail.com;Alberghi e ristoranti
00747170157;ROCHE SPA;;MONZA;MB;039 2474188;valentina.orlandi@roche.com;Farmaceutico
00511660961;ROLLA LUIGI;;CARUGATE;MI;02 9254098;steli.rolla@tiscali.it;
11971870156;RONCHI MARIO SPA;;GESSATE;MI;0295088205;Forlani.F@ronchi.it;Produzione macchine/apparecchi meccanici
08643400966;RONIN MONZA S.S.D. A.R.L.;;MONZA;MB;039/2022858;RONINMONZA@GMAIL.COM;
00768050965;S.A.T.E.F. SNC;;MONZA;MB;039388676;giuseppe.moriondo@satef.net;
00721780963;S.L.A.M.P. SRL;;ARCORE;MB;0396012598;andrea.remonti@slampsrl.com;
02546570132;SABI SRL - INVERIGO HOTEL;;AROSIO;CO;031696233;info@inverigohotel.it;Alberghi e ristoranti
00690860960;SAIVER SRL;;MONZA;MB;;fiorella.goretti@saiver.com;
03429860137;SALUMIFICIO BARELLI SRL;;PADERNO D'ADDA;LC;039510416;salumificiobarelli@gmail.com;
10803700151;SAPIO PRODUZIONE IDROGENO OSSIGENO SRL;;MONZA;MB;03983981;risorseumane@sapio.it;
02576800219;SARIMARI CRIVELLI GREPPI;;MONZA;MB;0392301150;fiscale@studiosarimari.it;Servizi avanzati alle imprese
00692210968;SCAM VIAGGI SRL;;MONZA;MB;39839031;patriziac@scamviaggi.it;
00842990152;SCHINDLER SPA;;MILANO;MI;;;Produzione macchine/apparecchi meccanici
001192150132;SCHOONER VIAGGI SRL;;CASATENOVO;LC;0392302007;v.besana@schoonerviaggi.it;
67890123456;SCOCCIMARRO SRL;;MILANO;MI;0226000363;studio@scoccimarrosalvatore.it;
07260360966;SCODINZOLIAMO DI BLASI SILVIA;;VIMERCATE;MB;0396081872 - 3484813430;scodinzoliamo@live.it;Veterinario
03152680967;SCUDERIA IL SANTUARIO;;ORNAGO;MB;3392281185;magni.lorenzo3@gmail.com;Allevamento
00985850965;SCUOLA MATERNA MARIA IMMACOLATA;;TREGASIO;MB;;materna.tregasio@virgilio.it;
09677240153;SERVIA SRL;;MILANO;MI;; apa@confartigianato.it;Servizi avanzati alle imprese
08037360966;SEVEN STARS GALLERIA ITALIA SRL;;MILANO;MI;0289058297;t.sasso@townhousegalleria.com;Alberghi e ristoranti
08517630961;SGA SRL;;SESTO SAN GIOVANNI;MI;02 22 47 11 52;mi.sesto@hotelbb.com;
06114510966;SGARIBOLDI SOCIETA' AGRICOLA;;ZIBIDO SAN GIACOMO;MI;;michela.sgariboldi@hotmail.it;Agricoltura/silvicoltura
09811080960;SICHEM SRL;;CONCOREZZO;MB;039/6886082;elena@sichem.it;
00827650961;SIDE SPA;;LISSONE;MB;+39.039.2449001;;
01043160074;SIRCHI SRL;;MILANO;MI;031.725200;amministrazione@sirchi.it;Contabilità
09263030968;SIREG GEOTECH SRL;;ARCORE;MB;039 627021;c.ferrario@sireg.it;Gomma e materie plastiche
05069280963;SMAL S.A.S. DI BUCCIARELLI L. & C.;;COLOGNO MONZESE;MI;0236514116;laura@blunoaviaggi.it;
09222850969;SMART MARKETING SOLUTIONS S.R.L. A SOCIO UNICO;;CINISELLO BALSAMO;MI;02 66093267;amministrazione.sms@sms-srl.com;
00761490960;SMC ITALIA S.P.A.;;CARUGATE;MI;029271;ufficiopersonale@smcitalia.it;Contabilità
07189800969;SOC. AG. CLOROFILLA S.S.;;CAMBIAGO;MI;3346662427;clorofillagarden@gmail.com;Agricoltura/silvicoltura
02157140134;SOCIETÀ AGRICOLA BAGAGGERA S.R.L;;LA VALLETTA BRIANZA;LC;3336139142;ordini@bagaggera.eu;Agricoltura/silvicoltura
03496360961;SOCIETÀ ITALIANA DI ARBORICOLTURA ONLUS;;MONZA;MB;039/325928; segreteria@isaitalia.org;
01893510139;SOCIETA'  AGRICOLA BRIVIO F.LLI S.S;;MISSAGLIA;LC;;info@agricolabrivio.it;Agricoltura/silvicoltura
03160070136;SOCIETA' AGRICOLA BONANOMI LUCIANO SAS;;ROBBIATE;LC;3478480766 039513566;Bonanomi.luciano@tiscali.it;Agricoltura/silvicoltura
00825320963;SOCIETA' AGRICOLA COLOSIO GIUSEPPE E SERGIO;;MONZA;MB;039302480;aziendacolosio@yahoo.it;Agricoltura/silvicoltura
02297780138;SOCIETA' AGRICOLA IL PUNTO VERDE S.S.;;CREMELLA;LC;335 6206028;ILPUNTOVERDESS@GMAIL.COM;Agricoltura/silvicoltura
01608430532;SOCIETA' AGRICOLA POGGI DI MAREMMA S.R.L.;;GROSSETO;GR;;mmantovani@lemansrl.it;Agricoltura/silvicoltura
03266910961;SOCIETA' AGRICOLA STILE VERDE SAS DI PIRONI MASSIMO;;AGRATE BRIANZA;MB;3356811743;stileverde@libero.it;Agricoltura/silvicoltura
09019480962;SOCIETA' AGRICOLA STUCCHI LUCA E MARCO S.S.;;PESSANO CON BORNAGO;MI;33554731437   3318175756;luca81mi@alice.it;Agricoltura/silvicoltura
09141370966;SOCIETA' SPORTIVA MONZA 1912 P.S.A.;;MONZA;MB;039-836664;settoregiovanile@monza1912.it;
02481510044;SOCIETA’ AGRICOLA RATTI S.S. DI PIETRO RATTI;;LA MORRA;CN;0173-50185;info@renatoratti.com;Agricoltura/silvicoltura
00923660963;SOFTEAM S.R.L;;MACHERIO;MB;039-207891;federico@softeamitalia.com;Informatica e telecomunicazioni
00771260965;SOL SPA;;MONZA;MB;039-23966215;a.riva@sol.it;Energia elettrica/gas/acqua
00875310963;SOLEA  SRL;;VEDANO AL LAMBRO;MB;039 492195;info@soleasrl.net;
07297090966;SOPHORA GIARDINI SNC DI SIMONE SALA E SOCI;;CORREZZANA;MB;3409489352;SOPHORAGIARDINI@GMAIL.COM;
09783660963;SPAZIO DEDICATO SRL;;AGRATE BRIANZA;MB;0396210049;paola@spaziodedicato.com;
02366640965;SPAZIO GIOVANI ONLUS;;MONZA;MB;039 2301133;cooperativa@spaziogiovani.it;Altri servizi pubblici, sociali e personali
04707190965;SPEKTRA S.R.L.;;VIMERCATE;MB;039 62505454;paola.saladanna@spektra.it;
04888040963;SPINELLI GIANLUCA & RIGATO DANIELE SNC;;ARCORE;MB;0396013127;agenzia.arcore.it@generali.com;Assicurativo
00976890236;SPORT MANAGEMENT  SPA;;VERONA;VR;0445381866;piscinethiene@sportmanagement.it;Altri servizi pubblici, sociali e personali
01778180065;SSD CENTRO IPPICO IL TORRIONE S.R.L.;;TORTONA;ALESSANDRIA;3402462498;INFOTORRIONE@GMAIL.COM;
06586790963;SSD ENJOY SRL;;MILANO;MI;029241256;veronica.gatta@enjoysport.eu;
04831800968;SSD VIODUEMAX SRL;;SAN GIULIANO MILANESE;MI;02 98490530;info@624palestre.it;Sport
00951900968;ST MICROELECTRONICS SRL;;AGRATE BRIANZA;MB;0396036838;ornella.tavilla@st.com, valeria.riva@st.com;Produzione apparecchiature elettriche/ottiche
08726670964;STAR INDUSTRIALE SRL;;AGRATE BRIANZA;MB;03968381;gfelisetti@thegbfoods.com;Industrie alimentari/bevande/tabacco
08332560963;STARROCK S.R.L.;;MILANO;MI;02 49523735;speak@redooc.com;Istruzione
02951170139;STARSOLUTIONS SRL;;MONZA;MB;039 89 51 300;info@starsolutions.it;Informatica e telecomunicazioni
6112100968;STARTUPCONSULTING;;CONCOREZZO;MB;0396041560;c.acelti@startupadm.it;Servizi avanzati alle imprese
02961070964;STUDIO ADDA;;MUGGIO';MI;039/2780842;franca@studioadda.it;
02451680967;STUDIO AMORETTI;;LISSONE;MB;039.2450066;info@studioamoretti.com;Servizi avanzati alle imprese
03836040954;STUDIO ARCH DARIO MORLINI;;MONZA;MB;039-731292;studiotecnico@dariomorlini.191.it;Servizi avanzati alle imprese
3245870963;STUDIO ARCHITETTO MARCO LISSONI;;CONCOREZZO;MB;3356711652;lissoni@studiolissoni.it;
1345678912;STUDIO ARIZZI LUCIA;;MONZA;MB;039.325063;studioarizzi@tiscali.it;Servizi avanzati alle imprese
03281620967;STUDIO AROSIO;;MONZA;MB;039-2264203;info@arosioarchitetti.com;Servizi avanzati alle imprese
02778510962;STUDIO ASS.TO TURRINI E BRANCADORO;;MONZA;MB;0392848070;info@studiotb.it;Servizi avanzati alle imprese
07704320964;STUDIO ASSOCIATO MEAGO ZANZOTTERA;;MONZA;MB;039-2916625;paolo@meagozanzottera.it;Servizi avanzati alle imprese
03154970960;STUDIO ASSOCIATO STUCCHI & BITTO;;BELLUSCO;MB;;michela.frezza@studiostucchi.it;
07904620965;STUDIO ATHENA DI FALCO GIULIO;;MONZA;MB;0392328113;info@studioathena.biz;
01234567189;STUDIO AVVOCATO CRISTINA TOMBA;;CONCOREZZO;MB;0396041771;cristina.tomba@avvtomba.it;Legale/Notarile
6729220969;STUDIO BERETTA &CO SRL;;MONZA;MI;039367337;;Servizi avanzati alle imprese
07202900960;STUDIO BERETTA SRL UNIPERSONALE;;MONZA;MB;039-325503;info@studio-beretta.it;Servizi avanzati alle imprese
2554220968;STUDIO BIELLA;;LISSONE;MB;393900717;biellasilvia@libero.it;
00037660966;STUDIO BRAMBILLA;;MONZA;MB;039-384041;info@studiobrambillafabio.it;Servizi avanzati alle imprese
08393280964;STUDIO C.S.R. SRL;;ARCORE;MB;;carlo.rovelli@studiocsr.com;
03836040968;STUDIO CASTIGLIONI;;MONZA;MB;039.5970618;castiglioni.alessandro@gmail.com;Servizi avanzati alle imprese
11093910153;STUDIO CHIARA ORSATTI;;MILANO;MI;335/6274695;studioorsatti@tiscali.it;Servizi avanzati alle imprese
00093290963;STUDIO COLOMBO GRAZIELLA;;ARCORE;MB;039616286;;
08518520963;STUDIO COMMERCIALE ARENA;;COLOGNO MONZESE;MI;0289775154;FAUSTODOTTARENA@GMAIL.COM;
02899160960;STUDIO COMMERCIALISTA DOTT. DAVIDE TARABORELLI;;DESIO;MB;0362638192;davidetaraborelli@virgilio.it;Servizi avanzati alle imprese
2739700967;STUDIO COMMERCIALISTA ELENA LACCHINI;;MONZA;MB;3392331503;elenalacchini@libero.it;
02424000996;STUDIO COMMERCIALISTA MOSCA ALESSANDRA;;VIMERCATE;MB;039 6612024 - 338 2908962;alessandra.mosca@aziendeservizi.it;Contabilità
04817560966;STUDIO COZZI PAOLA MARIA;;BRUGHERIO;MB;0392874172;paola.cozzi@studio-cozzi.it;Servizi avanzati alle imprese
00188780969 ;STUDIO DE ALEXANDRIS;;MONZA;MB;;studio@dealexandris.it;Servizi avanzati alle imprese
10731520960;STUDIO DI INGEGNERIA TOZZO;;CARNATE;MB;335406387;ingbrunotozzo63@gmail.com;Studio tecnico
05463170968;STUDIO DOSSI-MASSIRONI;;AGRATE BRIANZA;MB;039-6057468;studio@dossimassironi.it;Servizi avanzati alle imprese
Brslsn65r68e6172;STUDIO DOTT.ALESSANDRA BRUSA;;MONZA;MB;039-361509;a.brusa@aelle.it;Servizi avanzati alle imprese
13037210153;STUDIO DOTT.SSA FRANCESCA BONALUMI;;MILANO;MI;02-66226074;studio.fbonalumi@gmail.com;Servizi avanzati alle imprese
05539524964;STUDIO DOTT.SSA LA ROSA PATRIZIA;;MONZA;MB;3471082104;studioamm.larosa@gmail.com;
06165300960;STUDIO FIGLIOMENI FRANCESCO;;VILLASANTA;MB;0396772283;studio.figliomeni@gmail.com;Altre attività imprenditoriali
2304150960;STUDIO GANDINI COMMERCIALISTI ASSOCIATI;;CINISELLO BALSAMO;MI;026125069;;Servizi avanzati alle imprese
038668480967;STUDIO GIEMME AMMINISTRAZIONI;;VIMERCATE;MB;039-6854098;patrizia@studiogiemmesnc.it;Servizi avanzati alle imprese
08543350964;STUDIO ING. DE ROSA FRANCESCO;;MONZA;MB;039.830829;ingderosaf@libero.it;Servizi avanzati alle imprese
08558140961;STUDIO ING. ENEA MAURI;;CONCOREZZO;MB;039.647371;info@studiomauri.eu;Servizi avanzati alle imprese
03488440136;STUDIO ING. MAURO GALBUSERA;;VIMERCATE;MB;392.2580884;ingegneria.galbusera@hotmail.com;Servizi avanzati alle imprese
03818480968;STUDIO LEGALE ASSOCIATO BORELLO-RODA';;SESTO SAN GIOVANNI;MI;02166803396;studioborrello-roda@mail.com;
04092540964;STUDIO LEGALE ASSOCIATO FRIGO - SORMANI;;MONZA;MB;039.380154;ifrigo@frigosormani.it;Servizi avanzati alle imprese
02290270962;STUDIO LEGALE ASSOCIATO NOCITI E ZAPPA;;MONZA;MB;039/367173;elena@legalmnz.com;Servizi avanzati alle imprese
02116330966;STUDIO LEGALE ASSOCIATO PICCHETTI VILLA MANZONI BRONZINO CAPPUCCIO;;MONZA;MB;+393497902697;manzoni.marco1@libero.it;
08163620969;STUDIO LEGALE ASSOCIATO RINALDI ZITA;;MONZA;MB;039.29.15.982 / 039.91.43.123;lzita@studiorzs.it;Legale/Notarile
05624540968;STUDIO LEGALE ASSOCIATO VALAGUZZA - CARCANO;;MONZA;MB;;carcano.valaguzzalex@tiscali.it;Legale/Notarile
02645230968;STUDIO LEGALE AVV. BONO;;MONZA;MB;039-325258;francesca.fumarulo@gmail.com;Servizi avanzati alle imprese
04101210963;STUDIO LEGALE AVV. CARLA DE BONIS;;VIMERCATE;MB;0396854683;carlo.debonis@tin.it;
00203110960;STUDIO LEGALE AVV.TI DE ROSA;;MONZA;MB;0393900481;;Legale/Notarile
1234589134;STUDIO LEGALE AVVOCATO GIOVANNA PORTA;;ARCORE;MI;039.2142264;avvporta@tin.it;Legale/Notarile
02930400961;STUDIO LEGALE BELLOTTI, TERENGHI  & ASS.;;MONZA;MB;039321697-367367;studiolegalebta@gmail.com;
03815230960;STUDIO LEGALE CELOTTI;;CONCOREZZO;MB;039 6817214;studiocelotti@hotmail.it;Legale/Notarile
78901234567;STUDIO LEGALE CEREDA;;MONZA;MB;39324307;lauracereda@studiolegalecereda.it;Servizi avanzati alle imprese
0000044545454554;STUDIO LEGALE MANICI;;MONZA;MB;0399000540;antos.silvestri@libero.it;Legale/Notarile
02458330962;STUDIO LEGALE PELUCCHI GHEZZI;;MONZA;MB;;segreteria@pelucchighezzi.com;
10170600968;STUDIO LEGALE SPARPAGLIONE;;MILANO;MI;3403734712;stefano@sparpaglione.it;Legale/Notarile
Lngpla62r09f704y;STUDIO LONGONI;;MONZA;MB;039-360167;info@studio;
04746420969;STUDIO M.M.G. COMMERCIALISTI ASSOCIATI;;MONZA;MB;039.2312390;segreteria@studio-mmg.it;Servizi avanzati alle imprese
00123390965;STUDIO MARCO CAPROTTI;;MONZA;MB;039-2148361;info@studiocaprotti.com;Servizi avanzati alle imprese
07285310962;STUDIO MICCOLI & BENEGGI;;BIASSONO;MB;039.491800;s.miccoli@studiomiccolibeneggi.com;Servizi avanzati alle imprese
09200840966;STUDIO OSTEOPATICO;;VEDANO AL LAMBRO;MB;373 7944691;mo.ma.osteopatia2016@gmail.com;Sanità e altri servizi sociali
05349300961;STUDIO PATRIZIA RIVA;;MONZA;MB;039-32-32-95; info@studio-riva.com;Servizi avanzati alle imprese
04062660966;STUDIO PEGASO;;MONZA;MB;039-5962506;posta1086@uniqagroup.it;
00462560962;STUDIO PIROLA;;LESMO;MB;;pirola@studiopirola.it;
00803130962;STUDIO PROFESSIONALE RAGG. MONGUZZI E MAGGIONI;;VIMERCATE;MB;039-666960;maggioni@studiomonguzziemaggioni.it;Servizi avanzati alle imprese
04328850963;STUDIO RADAELLI;;BERNAREGGIO;MB;039.5251450;geom.dario.radaelli@tiscali.it;Servizi avanzati alle imprese
Lrvmrt66e04f205c;STUDIO RAG.UMBERTO LAROVERE;;MILANO;MI;024989174;info@larovere.it;Servizi avanzati alle imprese
2090050960;STUDIO SERINF DI PIERLUIGI GALBIATI E C.SAS;;VILLASANTA;MB;39.304.291;albertogalbiati@studioserinf.it;
06416990965;STUDIO STOMATOLOGICO DOTT.ANDREONI;;VIMERCATE;MB;;info@drandreoni.it;
05329330962;STUDIO TECNICO ASSOCIATO DI INGEGNERIA E ARCHITETTURA MB PROGETTI;;MONZA;MB;039.830829;derosa@mbprogetti.com;Servizi avanzati alle imprese
07430520960;STUDIO TECNICO GEOMETRA BELLONE;;LISSONE;MB;3207065498;;Servizi avanzati alle imprese
00446240962;STUDIO TECNICO POLITI;;CARNATE;MB;;;Studio tecnico
2755690969;STUDIO TECNICO STRAFACE;;ARCORE;MI;;strafacegiovanni1@gmail.com;
03733690659;STUDIO TRIBUTARIO MAINENTI;;MONZA;MB;;p.mainenti@studiomainenti.net;
03539610166;STUDIO VALLONE;;MONZA;MB;039 388398;vallone@studiocdlvallone.it;Agenzia del lavoro
05094380960;STUDIO VERALDI;;MONZA;MB;039-2841488;studioragveraldi@libero.it;Servizi avanzati alle imprese
06474810964;STUDIOS MANAGEMENT SRL;;MILANO;MI;0236521604;info@hotelstudiosmilan.com;Alberghi e ristoranti
05843880963;SUDIO LEGALE ASSOCIATO GRIECO ZALAMENA;;MONZA;MB;0392300973;;
2867530962;SUNNY TIME SNC DI MARIANI M. E LUSITANI R.;;AGRATE BRIANZA;MB;o396892381;monica@sunnytime.it;Agenzia Viaggi
01052130968;SUNSET SRL;;ARCORE;MB;039 617259; info@borgoleccohotel.it;Alberghi e ristoranti
10101111111;SUNSET SRL - COPIA ERRATA;;ARCORE;MI;039 6012058;roberta.frediani@borgoleccohotel.it;Alberghi e ristoranti
07642690965;SYSTEMAIR SRL;;BARLASSINA;MB;362680273;MADDALENA.CORBETTA@SYSTEMAIR.IT;
02732360967;T. CESANA & P. FUMAGALLI ARCHITETTI ASSOCIATI;; Biassono;Monza e Brianza;348 7449656;paolo@cesanafumagalli.it;Studio tecnico
06425790968;TALENTI S.R.L. (BEST WESTERN PLUS HOTEL MONZA E BRIANZA PALACE);;CINISELLO BALSAMO;MI;02 6602111;monzaebrianza.mi@bestwestern.it;Alberghi e ristoranti
03125550164;TARAMELLI SRL;;TERNO D'ISOLA;BG;0354944146   3486111262;;Altre attività imprenditoriali
05375600961;TATUUS RACING SPA;;MONZA;MB;039 6040828;agostino.rovelli@tatuus.it;Fabbricazione mezzi di trasporto
0909930968;TEAM86;;VILLASANTA;MB;;;Istruzione / educazione minori
08021740967;TECNOPROGET SRL;;MONZA;MB;039833142;ufficiotecnico@tecnoproget-monza.it;Costruzioni
02611890969;TEKNEMA S.R.L.;;VILLASANTA;MB;3484461034;monica.cintura@teknema.it;Altre attività imprenditoriali
03946390964;TEKNOPROGETTI ENGINEERING SRL;;VIMERCATE;MB;;info@teknoprogettisrl.it;
11896180152;TEMAR S.R.L.;;BIASSONO;MB;039-2494256;FIAMMA.PUCCI@TEMARSRL.IT;Altre attività imprenditoriali
05000550961;TENNIS CLUB VILLASANTA ASD;;VILLASANTA;MB;039302300;segreteriatcvillasanta@gmail.com;
03985960156;TERMOSTAMPI SRL;;CERNUSCO SUL NAVIGLIO;MI;02/92106570;romeo.varisco@termostampi.it;
02635960418;TETRA SRL;;CATTOLICA;RN;3209188687-0721963748;aragosta@mlhotelcattolica.com;Alberghi e ristoranti
08978540964;THERMOTRADE SRL;;GESSATE;MI;0295784269;CHEODARCI@THERMOTRADE.IT;
13338030151;THYSSENKRUPP UHDE CHLORINE ENGINEERS (ITALIA) SRL;;MILANO;MI;0221292136;alessia.rinforzi@thyssenkrupp.com;
00754750157;TILLMANNS SPA;;MILANO;MI;02 6940331;PiccininiCristiana@tillmanns.it;
00895110963;TINTORIA NUOVA GREGORINI SRL;;CONCOREZZO;MB;039 6040157;;
02332230966;TITALIA SPA;;MONZA;MB;039-882759;tatiana.riboldi@titalia.it;Produzione metallo
06715040967;TL CONSULTING SRL;;BIASSONO;MB;3382734488;A.ZIVERI@STUDIOZIVERI.NET;
08047640969;TOWNHOUSE.IT;;MILANO;MI;02/49528914;t.sasso@townhousegalleria.com;Alberghi e ristoranti
11352961004;TRATTORIA ACIUGHETA;;VENEZIA;VE;041.5224292;info@aciugheta.com;Alberghi e ristoranti
00768660151;TRESOLDI&CASIRAGHI SRL;;CARUGATE;MI;02.9253650;v.tresoldi@tresoldicasiraghi.com;
06263200963;TRIBUNALE DI MONZA;;MONZA;MB;039-2372107;elenafosca.ferraro@giustizia.it;
07967170965;TROPICAL DREAM DI ELENA SAGGIN;;GORGONZOLA;MI;029514610;info@tropicaldream.it;Agenzia Viaggi
00977220151;TUTTO PER IL CANE DI SERGIO ZANNI;;MILANO;MI;0248005555;diegozanni79@gmail.com;Agricoltura/silvicoltura
00986430965;U.S. FOLGORE CARATESE;;CARATE BRIANZA;MI;0362/993397;segreteria@folgorecaratese.it;Sport
02552430965;UNIONE GIOVANI DOTTORI COMMERCIALISTI ED ESPERTI CONTABILI DI MONZA E BRIANZA;;MONZA;MB;;f.aliprandi@aliprandicolombogalante.com;
02133120150;UNIVERSITÀ CATTOLICA DEL SACRO CUORE;;MILANO;MI;;progetto.scuola@unicatt.it;
02481820120;UNIVERSITÀ DEGLI STUDI DELL'INSUBRIA;;Como;Como;;orientamento.eco@uninsubria.it;
01279680480;UNIVERSITÀ DEGLI STUDI DI FIRENZE;;Firenze;FI;055 2756444;orientamento@adm.unifi.it;Pubblica Amministrazione
03064870151;UNIVERSITÀ DEGLI STUDI DI MILANO;;MILANO;MI; 0250312145;info@unimi.it;
12621570154;UNIVERSITÀ DEGLI STUDI DI MILANO-BICOCCA;;Milano;MI; 0264481;stage@unimib.it;Istruzione
00427620364;UNIVERSITÀ DEGLI STUDI DI MODENA E REGGIO EMILIA;;MODENA;MO;;;Istruzione
11395050963;VA.S.S. SAS DI LAVENEZIANA VALENTINA&C.;;BRUGHERIO;MB;     3331743922 (CELLULARE DELLA TITOLARE);vass.srls@virgilio.it;
02257010021;VALUE CREAMON DI ANDREA DAMA SPITITO;;BIELLA;BI;339 1521926;andreadama72@gmail.com;Servizi avanzati alle imprese
2276970965;VERZOLLA SAS;;MONZA;MB;03921661;amministrazione@verzolla.com;Prodotti chimici/fibre sintetiche e artificiali
07920730962;VETERINARI ASSOCIATI DOTT. VATTA EDMONDO ZUCCHETTI PAOLO;;MONZA;MB;039 2101011;;
06555960159;VIAGGI PENTAGONO SRL;;MILANO;MI;;;Servizi avanzati alle imprese
05806850482;VIE EN. RO. SE. INGEGNERIA SRL;;FIRENZE;FI;0554379140;raffaella.bellomini@vienrose.it;Servizi avanzati alle imprese
4066850407;VIENNA MARE SAS;;CATTOLICA;RN;0541/953004;ufficiovienna@gmail.com;Alberghi e ristoranti
05169010963;VIM VERDE GARDEN;;VIMERCATE;MB;039608140;vimverde@vimverde.com;
08985360968;VIMASS SRL;;VIMERCATE;MB;0396084021;Vimercate1@agealianz.it;
05752940964;VIOLA SNC DI FRANGI S. &PALAZZARI I.;;ARCORE;MB;396013783;info@violaeventi.com;Agricoltura/silvicoltura
03418510719;VIVAI ALBA VERDE DI DI DONATO EMILIO;;SAN SEVERO;FG;329/0688301;albaverdegroup@gmail.com;Agricoltura/silvicoltura
22222111111;VIVERE & VIAGGIARE BRUGHERIO;;BRUGHERIO;MI;392871687;brugherio.manin@vivereeviaggiare.it;Agenzia Viaggi
08404800966;VIVI KART SRL;;MILANO;MI;039 627481;info@vivikart.it;
03755850967;VOGLIA DI VIAGGIARE;;PESSANO CON BORNAGO;MI;0295749300;monica@vogliadiviaggiare.com;
13137360155;VOLLEY MILANO SRL;;MILANO;MI;0392311113;info@volleymilano.it;
06606330964;WALL STREET MONZA BRIANZA SRL;;MONZA;MB;0392847179;servicemonza@wallstreet.it;Altre attività imprenditoriali
02233700968;WEST AIRCON SRL;;Villasanta;MB;;;
11030880154;WORLD SERVICE INFORMATION SAS;;MILANO;MI;;monica.lamanna@worldservicesas.it;
07798100967;XENIA SRL - HOTEL SPORTING BRUGHERIO;;BRUGHERIO;MB;0392876131;info@hotelsportingbrugherio.com;Alberghi e ristoranti
It0232730223;XINET BIKE ENGINEERING SRL;;BUSNAGO;MB;039 9050477;alfredo@fullspeedahead.com;
08846960964;YAMAHA;;LESMO;MB;345-5275439;gianna.cereda@yamaha-motor.it;Fabbricazione mezzi di trasporto
01779450491;YOU AND DESTINATION SRLS;;ARCORE;MB;0395788067;agenzia.arcore@youanddestination.it;Agenzia Viaggi
It00714930245;ZAMBON COMPANY SPA;;BRESSO;MI;02 665241;luca.primavera@zambongroup.com;Chimico
